Interpret	Lied	Tanz aus Radio	Tänze aus lokaler Datenbank	Kandidaten	Sicherheit	Abspielungen	Zuletzt gespielt	Abgleich
A-ha	shadowside				keine	1	2026-07-15T00:23:14.000Z	keine lokale Zuordnung gefunden
Abbey Lincoln	Midnight Sun				keine	2	2026-07-15T00:39:33.000Z	keine lokale Zuordnung gefunden
AC/DC	Back In Black				keine	1	2026-07-14T21:41:22.000Z	keine lokale Zuordnung gefunden
AC/DC	Riff Raff				keine	1	2026-07-14T22:44:19.000Z	keine lokale Zuordnung gefunden
AC/DC	You shook me all night long				keine	3	2026-07-15T00:36:03.000Z	keine lokale Zuordnung gefunden
Adam Green	Morning After Midnight				keine	1	2026-07-14T23:37:09.000Z	keine lokale Zuordnung gefunden
Aerosmith	Livin' On The Edge				keine	1	2026-07-14T21:04:18.000Z	keine lokale Zuordnung gefunden
Al Stewart	Midnight Rocks				keine	1	2026-07-14T01:36:42.000Z	keine lokale Zuordnung gefunden
Al Stewart	On The Border				keine	2	2026-07-15T13:57:54.000Z	keine lokale Zuordnung gefunden
Al Stewart	Year of the Cat				keine	1	2026-07-15T15:45:25.000Z	keine lokale Zuordnung gefunden
Alabama	High Cotton		High Cotton	High Cotton	hoch	1	2026-07-13T17:44:28.000Z	exakter Interpret-und-Titel-Abgleich
Alannah Myles	Black Velvet				keine	1	2026-07-15T04:52:12.000Z	keine lokale Zuordnung gefunden
Alexander	Take Me Tonight				keine	1	2026-07-15T00:02:48.000Z	keine lokale Zuordnung gefunden
Alice Cooper	Billion dollar babies				keine	2	2026-07-15T15:10:41.000Z	keine lokale Zuordnung gefunden
Amy Macdonald	This Is The Life				keine	1	2026-07-14T03:09:42.000Z	keine lokale Zuordnung gefunden
Andreas Vollenweider	Night Fire Dance				keine	1	2026-07-14T01:58:11.000Z	keine lokale Zuordnung gefunden
Aphrodite's Child	Rain And Tears				keine	1	2026-07-14T05:30:48.000Z	keine lokale Zuordnung gefunden
Aretha Franklin	Respect				keine	1	2026-07-15T08:29:57.000Z	keine lokale Zuordnung gefunden
Art Garfunkel	Bright Eyes				keine	1	2026-07-15T04:45:00.000Z	keine lokale Zuordnung gefunden
Asia	Heat Of The Moment				keine	2	2026-07-15T02:35:59.000Z	keine lokale Zuordnung gefunden
Average White Band	Pick Up Up The Pieces				keine	1	2026-07-15T14:21:55.000Z	keine lokale Zuordnung gefunden
Axel Rudi Pell	Prelude To The Moon (Opus #3 Menuetto Prelugio)				keine	2	2026-07-15T01:48:58.000Z	keine lokale Zuordnung gefunden
BACHMAN TURNER OVERDRIVE	Roll On Down The Highway				keine	1	2026-07-15T13:40:46.000Z	keine lokale Zuordnung gefunden
Barclay James Harvest	Hymn				keine	1	2026-07-14T07:21:01.000Z	keine lokale Zuordnung gefunden
Barclay James Harvest	In Search of England				keine	1	2026-07-15T13:17:17.000Z	keine lokale Zuordnung gefunden
Barclay James Harvest	Sea of Tranquility				keine	3	2026-07-15T14:25:56.000Z	keine lokale Zuordnung gefunden
Barry Mcguire	Eve Of Destruction				keine	1	2026-07-14T04:38:06.000Z	keine lokale Zuordnung gefunden
Barry Ryan	Zeit macht nur vor dem Teufel halt				keine	1	2026-07-15T14:12:01.000Z	keine lokale Zuordnung gefunden
Bill Wyman`s Rhythm Kings 004	Going Crazy Overnight				keine	1	2026-07-13T22:18:50.000Z	keine lokale Zuordnung gefunden
Billy Joel	Angry Young Man				keine	1	2026-07-15T02:50:10.000Z	keine lokale Zuordnung gefunden
Billy Joel	Captain Jack				keine	1	2026-07-14T03:59:14.000Z	keine lokale Zuordnung gefunden
Billy Joel	Goodnight Saigon				keine	1	2026-07-13T23:07:45.000Z	keine lokale Zuordnung gefunden
Black Country Communion	Black Country				keine	2	2026-07-15T11:54:17.000Z	keine lokale Zuordnung gefunden
Black Country Communion	The Great Divide				keine	2	2026-07-15T12:41:43.000Z	keine lokale Zuordnung gefunden
Black Sabbath	Die Young				keine	1	2026-07-14T03:16:27.000Z	keine lokale Zuordnung gefunden
Black Sabbath	I				keine	1	2026-07-14T20:55:35.000Z	keine lokale Zuordnung gefunden
Black Sabbath	Over And Over				keine	1	2026-07-14T22:06:21.000Z	keine lokale Zuordnung gefunden
Black Sabbath	She's Gone				keine	1	2026-07-15T05:01:27.000Z	keine lokale Zuordnung gefunden
Black Sabbath	War Pigs				keine	1	2026-07-14T16:17:33.000Z	keine lokale Zuordnung gefunden
Black Sabbath	Zeitgeist				keine	1	2026-07-14T16:40:35.000Z	keine lokale Zuordnung gefunden
Blackfoot	A Legend Never Dies				keine	1	2026-07-14T21:16:44.000Z	keine lokale Zuordnung gefunden
Blackfoot	Morning Dew				keine	1	2026-07-14T21:45:37.000Z	keine lokale Zuordnung gefunden
Blackmore's Night	Durch Den Wald Zum Bach Haus				keine	1	2026-07-15T12:03:47.000Z	keine lokale Zuordnung gefunden
Blackmore's Night	Under a Violet Moon				keine	1	2026-07-14T01:25:59.000Z	keine lokale Zuordnung gefunden
Blasters, The	Dark Night				keine	2	2026-07-14T23:06:03.000Z	keine lokale Zuordnung gefunden
Blind Faith	Well Allright				keine	1	2026-07-14T04:52:14.000Z	keine lokale Zuordnung gefunden
Blind Guardian	Nightfall				keine	2	2026-07-14T23:13:52.000Z	keine lokale Zuordnung gefunden
Blodwyn Pig	The Night Is Gone				keine	1	2026-07-15T01:27:48.000Z	keine lokale Zuordnung gefunden
Blondie	Heart Of Glass				keine	1	2026-07-14T06:20:59.000Z	keine lokale Zuordnung gefunden
Bluegrass Etc.	Travelin' Band				keine	2	2026-07-15T09:10:42.000Z	keine lokale Zuordnung gefunden
Bob Dylan	Hurricane				keine	1	2026-07-14T11:49:07.000Z	keine lokale Zuordnung gefunden
Bob Dylan	Like A Rolling Stone				keine	1	2026-07-14T05:04:57.000Z	keine lokale Zuordnung gefunden
Bob Dylan	Shelter From The Storm				keine	1	2026-07-15T04:22:37.000Z	keine lokale Zuordnung gefunden
Bob Seger	Hollywood Nights				keine	1	2026-07-15T01:05:39.000Z	keine lokale Zuordnung gefunden
Bob Seger	Night Moves				keine	2	2026-07-15T01:57:15.000Z	keine lokale Zuordnung gefunden
Bob Seger & The Silver Bullet Band	Shame On The Moon				keine	1	2026-07-14T23:28:26.000Z	keine lokale Zuordnung gefunden
Bob Weir	Wabash Cannonball				keine	1	2026-07-15T09:41:56.000Z	keine lokale Zuordnung gefunden
Bobbie Gentry	I'll never fall in love again				keine	1	2026-07-14T13:26:53.000Z	keine lokale Zuordnung gefunden
Bobby Bare	Sylvia's Mother				keine	1	2026-07-15T10:00:09.000Z	keine lokale Zuordnung gefunden
Bobby Bland	Black Night				keine	1	2026-07-15T08:21:32.000Z	keine lokale Zuordnung gefunden
Bobby Crowe and his band	Dunoon Barn Dance				keine	1	2026-07-13T19:35:11.000Z	keine lokale Zuordnung gefunden
Bon Jovi 010	Midnight In Chelsea				keine	1	2026-07-13T21:47:09.000Z	keine lokale Zuordnung gefunden
Boston	MORE THAN A FEELING				keine	1	2026-07-15T05:42:15.000Z	keine lokale Zuordnung gefunden
Brad Paisley	New Again				keine	3	2026-07-15T09:30:10.000Z	keine lokale Zuordnung gefunden
Brett Hunt	Wide blue sky				keine	1	2026-07-13T18:41:49.000Z	keine lokale Zuordnung gefunden
Brian May	Business				keine	1	2026-07-14T17:38:18.000Z	keine lokale Zuordnung gefunden
Brooks & Dunn	Whiskey Under The Bridge		Whiskey Bridges	Whiskey Bridges	hoch	1	2026-07-13T20:42:33.000Z	exakter Interpret-und-Titel-Abgleich
Brooks & Dunn	You're Gonna Miss Me When I'm Gone				keine	1	2026-07-14T13:50:39.000Z	keine lokale Zuordnung gefunden
Bruce Springsteen	Streets of Philadelphia				keine	1	2026-07-14T11:57:39.000Z	keine lokale Zuordnung gefunden
Buck Owens	Above And Beyond				keine	1	2026-07-13T17:51:09.000Z	keine lokale Zuordnung gefunden
Buddy Holly	Peggy Sue				keine	2	2026-07-15T08:40:27.000Z	keine lokale Zuordnung gefunden
Cadillac Sky	The Wreck				keine	1	2026-07-14T14:57:32.000Z	keine lokale Zuordnung gefunden
Camel	A Nod and a Wink				keine	1	2026-07-15T03:01:24.000Z	keine lokale Zuordnung gefunden
Carl Carlton And The Songdogs	Lifelong Guarantee				keine	1	2026-07-15T12:53:47.000Z	keine lokale Zuordnung gefunden
Carl Emroy	Can You Forgive				keine	1	2026-07-13T19:45:39.000Z	keine lokale Zuordnung gefunden
Carolina Chocolate Drops	COUNTRY GIRL - CAROLINA CHOCOLATE DROPS				keine	1	2026-07-13T19:05:47.000Z	keine lokale Zuordnung gefunden
Carrie Underwood	Blown Away				keine	1	2026-07-13T17:40:28.000Z	keine lokale Zuordnung gefunden
Cat Stevens	Moonshadow				keine	1	2026-07-13T21:17:33.000Z	keine lokale Zuordnung gefunden
CCR	Bad Moon Rising				keine	1	2026-07-13T21:15:09.000Z	keine lokale Zuordnung gefunden
Celine Dion	I Drove All Night				keine	1	2026-07-14T23:48:24.000Z	keine lokale Zuordnung gefunden
Celine Dion	Think Twice				keine	1	2026-07-15T06:08:28.000Z	keine lokale Zuordnung gefunden
Celtic Cowboys	Don't Rock The Banjo				keine	1	2026-07-14T13:39:41.000Z	keine lokale Zuordnung gefunden
Charlie Daniels Band	Long Haired Country Boy				keine	2	2026-07-14T13:02:16.000Z	keine lokale Zuordnung gefunden
Chickenfoot	Get It Up				keine	2	2026-07-14T20:15:37.000Z	keine lokale Zuordnung gefunden
Chris Thile; Mike Marshall	Fisher's Hornpipe		Fisher's Hornpipe	Fisher's Hornpipe	mittel	1	2026-07-14T14:38:28.000Z	eindeutiger Titel-Abgleich ohne Interpret
Chris Whitley	Big Sky Country				keine	1	2026-07-14T14:01:57.000Z	keine lokale Zuordnung gefunden
Chuck Berry	Johnny B. Goode				keine	2	2026-07-15T06:05:48.000Z	keine lokale Zuordnung gefunden
Cinderella	Night Songs				keine	1	2026-07-14T23:39:16.000Z	keine lokale Zuordnung gefunden
Climax Blues Band	Couldn't get it right				keine	1	2026-07-15T15:42:06.000Z	keine lokale Zuordnung gefunden
Coast	Big Blue Sky				keine	2	2026-07-14T13:06:20.000Z	keine lokale Zuordnung gefunden
Cody Canada & The Departed	Make Yourself Home				keine	1	2026-07-14T14:47:24.000Z	keine lokale Zuordnung gefunden
Colosseum	The Valentyne Suite - Theme One - January's Search				keine	1	2026-07-14T04:13:11.000Z	keine lokale Zuordnung gefunden
Counting Crows	Up All Night (Frankie Miller Goes to Hollywood)				keine	1	2026-07-15T01:40:19.000Z	keine lokale Zuordnung gefunden
Cream	White Room				keine	1	2026-07-14T16:45:12.000Z	keine lokale Zuordnung gefunden
Curtis Mayfield	People Get Ready				keine	1	2026-07-14T12:05:15.000Z	keine lokale Zuordnung gefunden
Curtis Stigers & The Forest Rangers	This Life (Theme from Sons of Anarchy)				keine	1	2026-07-13T18:28:59.000Z	keine lokale Zuordnung gefunden
Daniel Boone	Beautiful Sunday		Black Coffee | Electric Slide	Black Coffee | Electric Slide	hoch	1	2026-07-14T06:32:21.000Z	exakter Interpret-und-Titel-Abgleich
Darryl Hall & John Oates	Maneater				keine	1	2026-07-14T08:28:27.000Z	keine lokale Zuordnung gefunden
Dave Davies	Death Of A Clown				keine	1	2026-07-14T04:56:39.000Z	keine lokale Zuordnung gefunden
Dave Dudley	Cowboy Boots				keine	1	2026-07-13T18:51:28.000Z	keine lokale Zuordnung gefunden
David Bowie	China Girl				keine	1	2026-07-14T09:21:16.000Z	keine lokale Zuordnung gefunden
David Bowie	Let's Dance				keine	1	2026-07-15T07:34:48.000Z	keine lokale Zuordnung gefunden
David Bowie	Ziggy Stardust				keine	1	2026-07-15T08:37:11.000Z	keine lokale Zuordnung gefunden
David Gilmour	On an Island				keine	1	2026-07-15T11:33:16.000Z	keine lokale Zuordnung gefunden
David Gilmour	Wish You Were Here				keine	1	2026-07-15T12:27:24.000Z	keine lokale Zuordnung gefunden
David Gilmour 002	Red Sky at Night				keine	2	2026-07-15T01:20:51.000Z	keine lokale Zuordnung gefunden
David Sanborn 001	Naked Moon				keine	1	2026-07-13T21:25:54.000Z	keine lokale Zuordnung gefunden
Deep Purple	Anyones Daughter				keine	1	2026-07-14T13:29:46.000Z	keine lokale Zuordnung gefunden
Deep Purple	Black Night				keine	1	2026-07-15T01:31:40.000Z	keine lokale Zuordnung gefunden
Deep Purple	Black Night Live (Made in Japan)				keine	1	2026-07-14T22:53:07.000Z	keine lokale Zuordnung gefunden
Deep Purple	Burn				keine	1	2026-07-14T15:26:12.000Z	keine lokale Zuordnung gefunden
Deep Purple	Child in Time				keine	2	2026-07-15T04:02:48.000Z	keine lokale Zuordnung gefunden
Deep Purple	Knocking at Your Back Door				keine	1	2026-07-14T08:17:36.000Z	keine lokale Zuordnung gefunden
Deep Purple	Second Movement: Andante				keine	1	2026-07-14T15:54:44.000Z	keine lokale Zuordnung gefunden
Deep Purple	Sometimes I Feel Like Screaming				keine	1	2026-07-14T02:14:28.000Z	keine lokale Zuordnung gefunden
Derek Trucks Band	I Wish I Knew(How It Would Feel)				keine	1	2026-07-14T03:30:24.000Z	keine lokale Zuordnung gefunden
Dewolff	Birth Of The Ninth Sun				keine	1	2026-07-15T02:02:41.000Z	keine lokale Zuordnung gefunden
Dexys Midnight Runners	Come On Eileen				keine	1	2026-07-14T09:17:51.000Z	keine lokale Zuordnung gefunden
Diana Ross & Marvin Gaye	You Are Everything				keine	1	2026-07-14T12:18:30.000Z	keine lokale Zuordnung gefunden
Dierks Bentley	Sideways				keine	1	2026-07-15T10:47:40.000Z	keine lokale Zuordnung gefunden
Dolly Parton	I Will Always Love You				keine	1	2026-07-13T18:35:05.000Z	keine lokale Zuordnung gefunden
Don Gibson	I'm Movin' On				keine	1	2026-07-13T19:09:11.000Z	keine lokale Zuordnung gefunden
Don Williams	Back in my younger days				keine	2	2026-07-15T09:56:53.000Z	keine lokale Zuordnung gefunden
Donovan Frankenreiter	Move By Yourself				keine	1	2026-07-15T03:48:37.000Z	keine lokale Zuordnung gefunden
Duran Duran	The Reflex				keine	1	2026-07-14T09:43:13.000Z	keine lokale Zuordnung gefunden
Dusty Springfield	You Don't Have To Say You Love Me				keine	2	2026-07-15T06:12:40.000Z	keine lokale Zuordnung gefunden
Eagles	One Of These Nights				keine	1	2026-07-13T21:37:02.000Z	keine lokale Zuordnung gefunden
Eddie Vedder	Society				keine	1	2026-07-13T19:41:42.000Z	keine lokale Zuordnung gefunden
Eddy Grant	Electric Avenue				keine	1	2026-07-14T08:24:41.000Z	keine lokale Zuordnung gefunden
Ekseption	Peace Planet				keine	1	2026-07-14T04:27:42.000Z	keine lokale Zuordnung gefunden
ELO	Ticket To The Moon				keine	2	2026-07-15T00:54:07.000Z	keine lokale Zuordnung gefunden
Eloy	Decay of the Logos				keine	1	2026-07-15T03:12:41.000Z	keine lokale Zuordnung gefunden
Elton John	Blue Eyes				keine	1	2026-07-15T06:54:21.000Z	keine lokale Zuordnung gefunden
Elton John	Goodbye Yellow Brick Road				keine	1	2026-07-15T05:47:01.000Z	keine lokale Zuordnung gefunden
Elton John	Your Song				keine	1	2026-07-14T11:17:35.000Z	keine lokale Zuordnung gefunden
Elvis Presley	In the ghetto				keine	1	2026-07-14T11:31:55.000Z	keine lokale Zuordnung gefunden
Elvis Presley	Viva Las Vegas				keine	1	2026-07-15T08:34:45.000Z	keine lokale Zuordnung gefunden
Emerson, Lake & Palmer	Lucky Man				keine	1	2026-07-15T04:17:55.000Z	keine lokale Zuordnung gefunden
Emerson, Lake & Palmer	Take a Pebble				keine	1	2026-07-14T02:34:10.000Z	keine lokale Zuordnung gefunden
Emerson, Lake & Palmer	Tank [Instrumental]				keine	1	2026-07-14T19:53:45.000Z	keine lokale Zuordnung gefunden
Emerson, Lake &amp/Palmer	Lucky Man				keine	2	2026-07-15T14:01:18.000Z	keine lokale Zuordnung gefunden
Emmylou Harris	Love Hurts				keine	1	2026-07-13T18:47:48.000Z	keine lokale Zuordnung gefunden
Epitaph	East of the Moon				keine	1	2026-07-15T02:10:22.000Z	keine lokale Zuordnung gefunden
Eric Clapton	Pilgrim				keine	1	2026-07-14T03:34:33.000Z	keine lokale Zuordnung gefunden
Etta James	Something's Got A Hold On Me				keine	1	2026-07-15T06:46:34.000Z	keine lokale Zuordnung gefunden
Etta James	Stormy Weather				keine	1	2026-07-14T12:41:53.000Z	keine lokale Zuordnung gefunden
Fiddler's Green	All This Feelings				keine	1	2026-07-15T09:03:45.000Z	keine lokale Zuordnung gefunden
Fiddlers Green	Midnight Rambler				keine	2	2026-07-15T01:23:53.000Z	keine lokale Zuordnung gefunden
Fleetwood Mac	Albatross				keine	2	2026-07-15T11:22:15.000Z	keine lokale Zuordnung gefunden
Fleetwood Mac	Isn`t Midnight				keine	1	2026-07-13T23:57:29.000Z	keine lokale Zuordnung gefunden
Flying Colors	Infinite Fire				keine	1	2026-07-15T16:37:33.000Z	keine lokale Zuordnung gefunden
Flying Colors	Kayla				keine	1	2026-07-15T02:16:15.000Z	keine lokale Zuordnung gefunden
France Gall	Zwei Apfelsinen im Haar				keine	1	2026-07-14T05:27:57.000Z	keine lokale Zuordnung gefunden
Frankie Goes To Hollywood	Relax				keine	1	2026-07-14T09:35:47.000Z	keine lokale Zuordnung gefunden
Frankie Miller	Darlin'				keine	1	2026-07-15T13:08:38.000Z	keine lokale Zuordnung gefunden
Freddie Mercury	Mr. Bad Guy				keine	2	2026-07-15T07:11:39.000Z	keine lokale Zuordnung gefunden
Freddie Mercury	The Great Pretender				keine	1	2026-07-15T06:32:08.000Z	keine lokale Zuordnung gefunden
Free	All Right Now				keine	4	2026-07-15T07:46:51.000Z	keine lokale Zuordnung gefunden
Free	Come Together in the Morning				keine	1	2026-07-14T07:57:50.000Z	keine lokale Zuordnung gefunden
Free	Mr. Big				keine	1	2026-07-14T20:49:37.000Z	keine lokale Zuordnung gefunden
Free	Wishing Well				keine	1	2026-07-15T14:53:02.000Z	keine lokale Zuordnung gefunden
Frumpy	Goin´to The Country				keine	1	2026-07-13T18:31:21.000Z	keine lokale Zuordnung gefunden
Garth Brooks	Callin' Baton Rouge				keine	1	2026-07-14T13:37:04.000Z	keine lokale Zuordnung gefunden
Gary Moore	Over The Hills And Far Away				keine	2	2026-07-15T03:39:51.000Z	keine lokale Zuordnung gefunden
Gary Moore	Rest In Peace				keine	1	2026-07-14T03:24:22.000Z	keine lokale Zuordnung gefunden
Gary Moore & Phil Lynott	Parisian Walkways				keine	1	2026-07-15T11:14:38.000Z	keine lokale Zuordnung gefunden
Gary Puckett & The Union Gap	Young Girl				keine	1	2026-07-14T05:55:07.000Z	keine lokale Zuordnung gefunden
Gazebo	I Like Chopin				keine	1	2026-07-14T09:47:38.000Z	keine lokale Zuordnung gefunden
Geisterreiter	Geisterreiter				keine	1	2026-07-13T20:05:58.000Z	keine lokale Zuordnung gefunden
Genesis	Carpet crawlers				keine	2	2026-07-15T15:25:37.000Z	keine lokale Zuordnung gefunden
Genesis	Supper's Ready				keine	1	2026-07-14T02:46:44.000Z	keine lokale Zuordnung gefunden
Genesis	The Cinema Show				keine	1	2026-07-14T18:00:25.000Z	keine lokale Zuordnung gefunden
Genesis	The Return Of The Giant Hogweed				keine	1	2026-07-14T16:50:13.000Z	keine lokale Zuordnung gefunden
George Harrison	All Those Years Ago				keine	1	2026-07-15T11:25:20.000Z	keine lokale Zuordnung gefunden
George Harrison	Here Comes the Moon				keine	1	2026-07-13T21:52:07.000Z	keine lokale Zuordnung gefunden
George Harrison	I've Got My Mind Set On You				keine	1	2026-07-15T12:19:52.000Z	keine lokale Zuordnung gefunden
George Harrison	My Sweet Lord				keine	1	2026-07-15T05:18:31.000Z	keine lokale Zuordnung gefunden
George Jones	Rock It				keine	2	2026-07-15T07:09:24.000Z	keine lokale Zuordnung gefunden
George McCrae	I Can't Leave You alone				keine	2	2026-07-15T15:07:34.000Z	keine lokale Zuordnung gefunden
Glen Campbell	Any Trouble				keine	1	2026-07-13T19:22:39.000Z	keine lokale Zuordnung gefunden
Glenn Hughes	Burn				keine	1	2026-07-14T22:19:48.000Z	keine lokale Zuordnung gefunden
Gloria Gaynor	I Am What I Am				keine	1	2026-07-14T08:59:16.000Z	keine lokale Zuordnung gefunden
Gloria Gaynor	Never Can Say Goodbye				keine	1	2026-07-15T15:57:04.000Z	keine lokale Zuordnung gefunden
Golden Earring	Radar Love				keine	2	2026-07-15T15:20:30.000Z	keine lokale Zuordnung gefunden
Golden Earring	Twilight Zone				keine	1	2026-07-14T22:11:49.000Z	keine lokale Zuordnung gefunden
Gordon Lightfoot	Sundown				keine	2	2026-07-15T09:21:39.000Z	keine lokale Zuordnung gefunden
Gotthard	Hush				keine	1	2026-07-14T21:54:21.000Z	keine lokale Zuordnung gefunden
Gotthard	Mighty Quinn				keine	1	2026-07-14T22:26:32.000Z	keine lokale Zuordnung gefunden
Graham Bonney	Siebenmeilenstiefel				keine	1	2026-07-14T04:31:17.000Z	keine lokale Zuordnung gefunden
Greg Kihn Band	Jeopardy				keine	1	2026-07-14T09:04:58.000Z	keine lokale Zuordnung gefunden
Gregor Hilden	Late Rent Shuffle				keine	1	2026-07-15T12:09:56.000Z	keine lokale Zuordnung gefunden
Grobschnitt	Konige der Welt				keine	1	2026-07-14T19:32:14.000Z	keine lokale Zuordnung gefunden
Guns 'n' Roses	November Rain				keine	1	2026-07-15T05:56:51.000Z	keine lokale Zuordnung gefunden
Gunter Gabriel	Hey Boss, ich brauch mehr Geld				keine	1	2026-07-15T10:26:29.000Z	keine lokale Zuordnung gefunden
Halifax	Nightmare				keine	1	2026-07-13T23:53:36.000Z	keine lokale Zuordnung gefunden
Hank Williams	Move it on over				keine	1	2026-07-15T07:27:19.000Z	keine lokale Zuordnung gefunden
Harpo	Moviestar				keine	1	2026-07-15T15:00:40.000Z	keine lokale Zuordnung gefunden
Hayseed Dixie	Bohemian Rhapsody				keine	2	2026-07-15T09:36:13.000Z	keine lokale Zuordnung gefunden
Herman's Hermits	No Milk Today				keine	1	2026-07-14T04:41:41.000Z	keine lokale Zuordnung gefunden
Hot Chocolate	Every 1's a winner				keine	1	2026-07-14T07:16:59.000Z	keine lokale Zuordnung gefunden
Howlin' Wolf	I Ain't Superstitious				keine	1	2026-07-15T07:24:24.000Z	keine lokale Zuordnung gefunden
Huey Lewis & The News	The Power of Love				keine	1	2026-07-14T08:09:57.000Z	keine lokale Zuordnung gefunden
Ian Gillan	Five Moons				keine	1	2026-07-15T04:32:55.000Z	keine lokale Zuordnung gefunden
Ike & Tina Turner	River Deep Mountain High				keine	1	2026-07-14T05:37:08.000Z	keine lokale Zuordnung gefunden
Impellitteri	Endless Nights				keine	1	2026-07-14T20:04:39.000Z	keine lokale Zuordnung gefunden
Infamous Stringdusters	Magic #9				keine	1	2026-07-13T20:08:48.000Z	keine lokale Zuordnung gefunden
IQ	Frequency				keine	1	2026-07-15T16:00:03.000Z	keine lokale Zuordnung gefunden
Iron Maiden	Run to the hills				keine	1	2026-07-14T20:29:08.000Z	keine lokale Zuordnung gefunden
J.J. Cale	Another Song				keine	1	2026-07-15T10:32:33.000Z	keine lokale Zuordnung gefunden
J.J. Cale	Devil In Disguise				keine	1	2026-07-13T20:00:39.000Z	keine lokale Zuordnung gefunden
Jack Bruce	Ships In The Night				keine	1	2026-07-15T00:10:41.000Z	keine lokale Zuordnung gefunden
Jackie Wilson	You Left The Fire Burning				keine	1	2026-07-15T08:27:24.000Z	keine lokale Zuordnung gefunden
Jackson 5	I Want You Back				keine	1	2026-07-14T05:40:47.000Z	keine lokale Zuordnung gefunden
James Brown	Sex Machine				keine	1	2026-07-14T10:57:17.000Z	keine lokale Zuordnung gefunden
Janis Joplin	Piece of my Heart				keine	1	2026-07-15T08:45:45.000Z	keine lokale Zuordnung gefunden
Janis Joplin	San Francisco Bay Blues				keine	1	2026-07-14T10:27:28.000Z	keine lokale Zuordnung gefunden
Jeff Beck	People Get Ready				keine	1	2026-07-14T17:07:02.000Z	keine lokale Zuordnung gefunden
Jeff Buckley	Hallelujah				keine	1	2026-07-14T12:29:35.000Z	keine lokale Zuordnung gefunden
Jeff Healey Band	I Can't Get My Hands On You				keine	1	2026-07-15T12:46:28.000Z	keine lokale Zuordnung gefunden
Jeff Healey Band	See The Light				keine	1	2026-07-14T17:15:34.000Z	keine lokale Zuordnung gefunden
Jethro Tull	Black sunday				keine	2	2026-07-15T16:21:58.000Z	keine lokale Zuordnung gefunden
Jethro Tull	Heavy Horses				keine	2	2026-07-15T11:40:42.000Z	keine lokale Zuordnung gefunden
Jethro Tull	Thick As A Brick				keine	1	2026-07-15T03:33:08.000Z	keine lokale Zuordnung gefunden
Jigsaw	Sky High				keine	1	2026-07-15T14:50:13.000Z	keine lokale Zuordnung gefunden
Jimi Hendrix	Burning Of The Midnight Lamp				keine	1	2026-07-13T22:30:05.000Z	keine lokale Zuordnung gefunden
Jimi Hendrix	Little Wing				keine	1	2026-07-14T05:19:31.000Z	keine lokale Zuordnung gefunden
Jimmie Driftwood	Rattlesnake Song				keine	1	2026-07-15T10:45:19.000Z	keine lokale Zuordnung gefunden
Joe Cocker	Night Calls				keine	2	2026-07-15T01:45:29.000Z	keine lokale Zuordnung gefunden
Joe Cocker	You Are So Beautiful				keine	1	2026-07-15T08:42:59.000Z	keine lokale Zuordnung gefunden
John Denver	Take me home, country roads				keine	1	2026-07-13T20:20:43.000Z	keine lokale Zuordnung gefunden
John Farnham	Pressure Down				keine	2	2026-07-15T08:49:54.000Z	keine lokale Zuordnung gefunden
John Farnham	You're the voice				keine	1	2026-07-14T10:22:23.000Z	keine lokale Zuordnung gefunden
John Fogerty	Blue Moon Nights				keine	1	2026-07-14T00:01:43.000Z	keine lokale Zuordnung gefunden
John Fogerty	Eye Of The Zombie				keine	1	2026-07-14T11:06:12.000Z	keine lokale Zuordnung gefunden
John Fogerty	Rockin' All Over the World (live)		Honky Tonk | Slapping Leather	Honky Tonk | Slapping Leather	niedrig	1	2026-07-14T10:19:25.000Z	mehrere Tänze zum Titel vorhanden
John Lennon	#9 Dream				keine	1	2026-07-14T11:39:00.000Z	keine lokale Zuordnung gefunden
John Lennon	Whatever Gets You Thru The Night				keine	2	2026-07-15T01:02:13.000Z	keine lokale Zuordnung gefunden
John Lennon	Woman				keine	2	2026-07-15T06:43:00.000Z	keine lokale Zuordnung gefunden
John Mayer	Belief				keine	1	2026-07-15T12:37:41.000Z	keine lokale Zuordnung gefunden
John Miles 04	Pale Spanish Moon				keine	1	2026-07-13T22:41:17.000Z	keine lokale Zuordnung gefunden
Johnny Cash	Bird On A Wire				keine	1	2026-07-13T19:18:37.000Z	keine lokale Zuordnung gefunden
Johnny Cash	I Walk The Line				keine	1	2026-07-15T08:58:16.000Z	keine lokale Zuordnung gefunden
Johnny Cash	Ring Of Fire				keine	2	2026-07-15T06:40:22.000Z	keine lokale Zuordnung gefunden
Jon Lord	Bouree				keine	1	2026-07-14T15:02:10.000Z	keine lokale Zuordnung gefunden
Jon Lord	The Sun Will Shine Again (sung by Frida)				keine	1	2026-07-14T15:50:20.000Z	keine lokale Zuordnung gefunden
Jon Lord With The Hoochie Coochie Men	Green Onions				keine	1	2026-07-14T15:32:10.000Z	keine lokale Zuordnung gefunden
Joni Mitchell	Woodstock				keine	1	2026-07-15T08:01:32.000Z	keine lokale Zuordnung gefunden
Jonny Lang	Lie To Me				keine	1	2026-07-15T11:29:04.000Z	keine lokale Zuordnung gefunden
Journey	Lights				keine	1	2026-07-15T04:48:56.000Z	keine lokale Zuordnung gefunden
Journey	Wheel In The Sky				keine	2	2026-07-15T03:53:54.000Z	keine lokale Zuordnung gefunden
Judas Priest	Breakin The Law				keine	1	2026-07-14T22:41:43.000Z	keine lokale Zuordnung gefunden
k.d. lang and the Reclines	Big, Big Love		Fishin' in the dark	Fishin' in the dark	mittel	1	2026-07-15T09:16:41.000Z	eindeutiger Titel-Abgleich ohne Interpret
k.d. lang and the Reclines	Full Moon Full of Love				keine	1	2026-07-14T13:59:08.000Z	keine lokale Zuordnung gefunden
Kansas	Dust In The Wind				keine	1	2026-07-15T05:27:06.000Z	keine lokale Zuordnung gefunden
Katie Melua	Blame it on the Moon				keine	1	2026-07-15T00:19:29.000Z	keine lokale Zuordnung gefunden
Katrina & the Waves	Walking on Sunshine				keine	1	2026-07-14T08:41:32.000Z	keine lokale Zuordnung gefunden
Keith Urban	Raining on Sunday				keine	2	2026-07-14T14:33:43.000Z	keine lokale Zuordnung gefunden
Ken Hensley	Fortune				keine	1	2026-07-15T02:30:40.000Z	keine lokale Zuordnung gefunden
Ken Hensley	The last dance				keine	1	2026-07-15T03:21:00.000Z	keine lokale Zuordnung gefunden
Ken Hensley	When Evening Comes				keine	1	2026-07-15T03:58:07.000Z	keine lokale Zuordnung gefunden
Ken Hensley & Live Fire	Intro / Set me free from yesterday				keine	1	2026-07-14T16:36:00.000Z	keine lokale Zuordnung gefunden
Kenny Chesney	You had me from hello				keine	2	2026-07-15T09:49:02.000Z	keine lokale Zuordnung gefunden
Kenny Rogers & Dolly Parton	Islands In the Stream				keine	3	2026-07-15T10:50:45.000Z	keine lokale Zuordnung gefunden
Kim Carnes	Bette Davis Eyes				keine	1	2026-07-14T08:06:10.000Z	keine lokale Zuordnung gefunden
King Crimson	The Court of the Crimson King				keine	1	2026-07-14T18:22:51.000Z	keine lokale Zuordnung gefunden
Kinks	Lola				keine	1	2026-07-14T04:33:36.000Z	keine lokale Zuordnung gefunden
Kris Kristofferson	This Old Road				keine	2	2026-07-15T09:52:53.000Z	keine lokale Zuordnung gefunden
Krokus	Tokyo Nights				keine	1	2026-07-13T23:01:50.000Z	keine lokale Zuordnung gefunden
Led Zeppelin	Immigrant Song				keine	1	2026-07-14T22:03:58.000Z	keine lokale Zuordnung gefunden
Led Zeppelin	No Quarter				keine	2	2026-07-15T02:43:10.000Z	keine lokale Zuordnung gefunden
Led Zeppelin	Stairway To Heaven				keine	1	2026-07-15T05:06:24.000Z	keine lokale Zuordnung gefunden
Led Zeppelin	Whole Lotta Love				keine	1	2026-07-14T20:44:03.000Z	keine lokale Zuordnung gefunden
Lee Clayton	Danger				keine	2	2026-07-14T14:25:59.000Z	keine lokale Zuordnung gefunden
Lee Ritenour	Night Owl				keine	1	2026-07-13T23:45:02.000Z	keine lokale Zuordnung gefunden
Limahl	Never Ending Story				keine	1	2026-07-14T08:51:18.000Z	keine lokale Zuordnung gefunden
Linda Ronstadt	Carmelita				keine	1	2026-07-13T19:38:35.000Z	keine lokale Zuordnung gefunden
Lionel Richie	All Night Long				keine	1	2026-07-14T01:30:23.000Z	keine lokale Zuordnung gefunden
Little Richard	Good Gully Miss Molly				keine	2	2026-07-15T08:32:29.000Z	keine lokale Zuordnung gefunden
Lobo	I'd Love You to Want Me				keine	1	2026-07-15T15:38:02.000Z	keine lokale Zuordnung gefunden
Lou Gramm	Midnight Blue				keine	1	2026-07-13T23:27:41.000Z	keine lokale Zuordnung gefunden
Lou Reed	Walk on the Wild Side				keine	2	2026-07-15T07:05:08.000Z	keine lokale Zuordnung gefunden
Lucifer's Friend	Ride The Sky				keine	1	2026-07-15T03:36:09.000Z	keine lokale Zuordnung gefunden
Lucinda Williams	Come On				keine	1	2026-07-14T13:11:39.000Z	keine lokale Zuordnung gefunden
Lynn Anderson	Rose Garden		Electric Slide | Sugar & Pai	Electric Slide | Sugar & Pai	niedrig	1	2026-07-14T14:51:55.000Z	mehrere Tänze zum Titel vorhanden
Lynyrd Skynyrd	One Day At A Time				keine	1	2026-07-14T16:32:14.000Z	keine lokale Zuordnung gefunden
Magnum	Night After Night				keine	2	2026-07-15T00:28:07.000Z	keine lokale Zuordnung gefunden
Maks & the Minors	Nightrain				keine	1	2026-07-14T23:58:12.000Z	keine lokale Zuordnung gefunden
Mando Diao	Mr Moon				keine	1	2026-07-13T22:33:40.000Z	keine lokale Zuordnung gefunden
Manfred Mann's Earth Band	Blinded by the Light				keine	1	2026-07-15T15:30:53.000Z	keine lokale Zuordnung gefunden
Manfred Mann's Earth Band	Spirits In The Night				keine	3	2026-07-15T13:47:50.000Z	keine lokale Zuordnung gefunden
Marbles	Only One Woman				keine	1	2026-07-14T04:49:31.000Z	keine lokale Zuordnung gefunden
Mariah Carey & Whitney Houston	When You Believe				keine	2	2026-07-15T08:53:40.000Z	keine lokale Zuordnung gefunden
Marillion	Script for a Jester's Tear				keine	1	2026-07-14T19:23:35.000Z	keine lokale Zuordnung gefunden
Mc Auly Schenker Group	Never Ending Nightmare				keine	2	2026-07-14T23:21:59.000Z	keine lokale Zuordnung gefunden
Me First And The Gimme Gimmes	Much Too Young (To Feel This Damn Old)				keine	1	2026-07-15T09:39:54.000Z	keine lokale Zuordnung gefunden
Merle Haggard	Sing Me Back Home				keine	1	2026-07-15T10:35:57.000Z	keine lokale Zuordnung gefunden
Michael Jackson	Bad				keine	1	2026-07-14T12:55:37.000Z	keine lokale Zuordnung gefunden
Michael Jackson	Earth Song				keine	1	2026-07-15T08:14:46.000Z	keine lokale Zuordnung gefunden
Michael Schenker	Never Trust a Stranger				keine	1	2026-07-14T17:50:11.000Z	keine lokale Zuordnung gefunden
Mick Jagger	Hard Woman				keine	1	2026-07-14T12:47:20.000Z	keine lokale Zuordnung gefunden
Middle Of The Road	Sacramento				keine	1	2026-07-14T06:53:42.000Z	keine lokale Zuordnung gefunden
Mike Oldfield	Crime Of Passion				keine	1	2026-07-15T12:06:19.000Z	keine lokale Zuordnung gefunden
Mike Oldfield	Moonlight Shadow				keine	1	2026-07-13T22:00:12.000Z	keine lokale Zuordnung gefunden
Mike Oldfield	Pictures in the Dark				keine	1	2026-07-14T17:11:58.000Z	keine lokale Zuordnung gefunden
Motors	Airport				keine	1	2026-07-14T06:56:39.000Z	keine lokale Zuordnung gefunden
Mr. Mister	Broken Wings				keine	1	2026-07-15T04:13:07.000Z	keine lokale Zuordnung gefunden
Muddy Waters	I Just Want To Make Love To You				keine	2	2026-07-15T06:18:27.000Z	keine lokale Zuordnung gefunden
Muddy Waters	Nine Below Zero				keine	2	2026-07-15T06:59:45.000Z	keine lokale Zuordnung gefunden
Muleskinner	Footprints in the Snow				keine	1	2026-07-14T13:55:31.000Z	keine lokale Zuordnung gefunden
Nancy Sinatra & Lee Hazlewood	Jackson				keine	2	2026-07-14T14:54:48.000Z	keine lokale Zuordnung gefunden
Nazareth	Beggars Day / Rose in the heather				keine	1	2026-07-14T21:30:58.000Z	keine lokale Zuordnung gefunden
Nazareth	This Flight Tonight				keine	2	2026-07-15T00:50:43.000Z	keine lokale Zuordnung gefunden
Neal Morse	The Conflict				keine	1	2026-07-14T18:40:32.000Z	keine lokale Zuordnung gefunden
Neil Young	Heart Of Gold				keine	3	2026-07-15T08:24:24.000Z	keine lokale Zuordnung gefunden
Nelly Furtado	Try				keine	1	2026-07-15T05:37:36.000Z	keine lokale Zuordnung gefunden
Nightwish	Elvenpath				keine	1	2026-07-14T21:19:47.000Z	keine lokale Zuordnung gefunden
Nightwish	Moondance				keine	2	2026-07-15T00:15:57.000Z	keine lokale Zuordnung gefunden
Nightwish	Nightquest				keine	1	2026-07-14T01:40:40.000Z	keine lokale Zuordnung gefunden
Nina Simone	My Baby Just Cares For Me				keine	1	2026-07-15T07:20:45.000Z	keine lokale Zuordnung gefunden
Nina Simone	See line woman				keine	2	2026-07-15T08:06:54.000Z	keine lokale Zuordnung gefunden
Norah Jones	Little Moon				keine	1	2026-07-13T22:13:34.000Z	keine lokale Zuordnung gefunden
Ollie Brown	Midnight Call				keine	1	2026-07-14T13:47:25.000Z	keine lokale Zuordnung gefunden
Otis Redding	Under the Boardwalk				keine	1	2026-07-14T10:14:27.000Z	keine lokale Zuordnung gefunden
Oysterband	Walking Down The Road With You				keine	1	2026-07-13T19:53:27.000Z	keine lokale Zuordnung gefunden
Paice Ashton Lord	Ghost Story		Heart of an Angel	Heart of an Angel	mittel	1	2026-07-14T15:20:25.000Z	eindeutiger Titel-Abgleich ohne Interpret
Pat Metheny	Midwestern Nights Dream				keine	1	2026-07-14T00:52:54.000Z	keine lokale Zuordnung gefunden
Patsy Cline	A Stranger In My Arms				keine	1	2026-07-13T18:45:19.000Z	keine lokale Zuordnung gefunden
Patti Smith Group	Because the night				keine	1	2026-07-13T22:54:24.000Z	keine lokale Zuordnung gefunden
Paul McCartney	Another Day				keine	1	2026-07-15T07:57:49.000Z	keine lokale Zuordnung gefunden
Paul McCartney	Heart Of The Country				keine	1	2026-07-13T20:18:19.000Z	keine lokale Zuordnung gefunden
Paul McCartney	Maybe I'm Amazed				keine	1	2026-07-14T12:10:30.000Z	keine lokale Zuordnung gefunden
Paul Rodgers WS002	Nights Like This				keine	1	2026-07-13T23:22:20.000Z	keine lokale Zuordnung gefunden
Peggy March	Memories of Heidelberg				keine	1	2026-07-14T04:06:27.000Z	keine lokale Zuordnung gefunden
Per Gessle	silly really				keine	2	2026-07-15T12:23:43.000Z	keine lokale Zuordnung gefunden
Percy Sledge	When A Man Loves A Woman				keine	1	2026-07-14T05:43:46.000Z	keine lokale Zuordnung gefunden
Peter Frampton	Show Me The Way				keine	1	2026-07-15T12:58:48.000Z	keine lokale Zuordnung gefunden
Peter Gabriel	Solsbury Hill				keine	1	2026-07-15T14:39:57.000Z	keine lokale Zuordnung gefunden
Peter Kraus	Das Alte Haus Von Rocky Docky				keine	1	2026-07-14T14:06:40.000Z	keine lokale Zuordnung gefunden
Petty, Tom & The Heartbreakers	GOOD ENOUGH				keine	1	2026-07-15T02:55:34.000Z	keine lokale Zuordnung gefunden
Petty, Tom & The Heartbreakers	JEFFERSON JERICHO BLUES				keine	2	2026-07-15T03:45:14.000Z	keine lokale Zuordnung gefunden
PhD	I Won't Let You Down				keine	1	2026-07-14T08:37:26.000Z	keine lokale Zuordnung gefunden
Phil Collins	In The Air Tonight				keine	1	2026-07-13T21:20:24.000Z	keine lokale Zuordnung gefunden
Phil Collins	The Same Moon				keine	1	2026-07-13T22:37:10.000Z	keine lokale Zuordnung gefunden
Pigeons On The Gate	Arabian Nights				keine	1	2026-07-13T18:20:07.000Z	keine lokale Zuordnung gefunden
Pilot	January				keine	1	2026-07-15T13:32:32.000Z	keine lokale Zuordnung gefunden
Pink Floyd	Shine on you crazy diamond (P				keine	1	2026-07-15T16:08:27.000Z	keine lokale Zuordnung gefunden
Pistol Annies	Damn Thing				keine	1	2026-07-15T09:19:10.000Z	keine lokale Zuordnung gefunden
Porcupine Tree	Somewhere but not here				keine	1	2026-07-14T19:41:43.000Z	keine lokale Zuordnung gefunden
Prince	Diamonds And Pearls				keine	1	2026-07-14T10:06:53.000Z	keine lokale Zuordnung gefunden
Prince	Purple Rain				keine	2	2026-07-15T06:26:49.000Z	keine lokale Zuordnung gefunden
Procol Harum	Whiter Shade of Pale				keine	1	2026-07-14T04:09:02.000Z	keine lokale Zuordnung gefunden
Queen	Bohemian Rhapsody				keine	2	2026-07-15T14:44:18.000Z	keine lokale Zuordnung gefunden
Queen	Seven Seas Of Rhye				keine	2	2026-07-15T13:11:45.000Z	keine lokale Zuordnung gefunden
Queen + Paul Rodgers	Cosmos Rockin'				keine	1	2026-07-14T16:58:24.000Z	keine lokale Zuordnung gefunden
R.E.M.	Man On The Moon				keine	1	2026-07-13T21:41:54.000Z	keine lokale Zuordnung gefunden
Radiohead	Sail to the moon				keine	1	2026-07-15T01:10:40.000Z	keine lokale Zuordnung gefunden
Rainbow	All night long				keine	2	2026-07-14T23:33:17.000Z	keine lokale Zuordnung gefunden
Rainbow	Catch the rainbow				keine	2	2026-07-15T14:30:00.000Z	keine lokale Zuordnung gefunden
Rainbow	Eyes of the World				keine	1	2026-07-14T16:25:32.000Z	keine lokale Zuordnung gefunden
Rainbow	Kill the king				keine	1	2026-07-15T13:28:01.000Z	keine lokale Zuordnung gefunden
Rainbow	Since you been gone				keine	2	2026-07-15T02:21:27.000Z	keine lokale Zuordnung gefunden
Rainbow	Stargazer				keine	1	2026-07-14T22:33:11.000Z	keine lokale Zuordnung gefunden
Rainbow	Tarot Woman				keine	1	2026-07-14T21:10:39.000Z	keine lokale Zuordnung gefunden
Ram Jam	Black Betty				keine	1	2026-07-14T20:00:37.000Z	keine lokale Zuordnung gefunden
Ray Charles	Georgia on My Mind				keine	1	2026-07-14T11:02:33.000Z	keine lokale Zuordnung gefunden
Ray Charles	Hit The Road Jack				keine	2	2026-07-15T06:57:49.000Z	keine lokale Zuordnung gefunden
Ray Charles	Yesterday				keine	1	2026-07-14T04:44:40.000Z	keine lokale Zuordnung gefunden
Real Thing	You to Me Are Everything				keine	1	2026-07-14T07:36:38.000Z	keine lokale Zuordnung gefunden
Red Foley	M-I-S-S-I-S-S-P-P-I				keine	1	2026-07-15T09:08:07.000Z	keine lokale Zuordnung gefunden
REO Speedwagon	Stillness Of The Night				keine	1	2026-07-14T01:05:26.000Z	keine lokale Zuordnung gefunden
Restless Heart	You Can Depend On Me				keine	2	2026-07-15T09:01:05.000Z	keine lokale Zuordnung gefunden
Richard Ashcroft	Break The Night With Colour				keine	2	2026-07-15T00:58:14.000Z	keine lokale Zuordnung gefunden
Richie Sambora	Mr. Blues Man				keine	1	2026-07-15T11:03:00.000Z	keine lokale Zuordnung gefunden
Richie Sambora	Stranger in This Town				keine	1	2026-07-15T11:57:32.000Z	keine lokale Zuordnung gefunden
Rick Astley	Never Gonna Give You Up				keine	1	2026-07-14T08:45:29.000Z	keine lokale Zuordnung gefunden
Rick Danko	All Our Past Times				keine	1	2026-07-14T13:19:39.000Z	keine lokale Zuordnung gefunden
Rick Danko	People of Conscience				keine	2	2026-07-15T10:04:00.000Z	keine lokale Zuordnung gefunden
Rick Wakeman	Out There				keine	1	2026-07-14T19:05:32.000Z	keine lokale Zuordnung gefunden
Riverside	Egoist Hedonist				keine	1	2026-07-15T16:28:36.000Z	keine lokale Zuordnung gefunden
Robert Plant	29 Palms				keine	1	2026-07-14T10:48:06.000Z	keine lokale Zuordnung gefunden
Robin Beck	The first time				keine	1	2026-07-14T08:14:18.000Z	keine lokale Zuordnung gefunden
Rod Stewart	I am sailing				keine	1	2026-07-14T07:53:25.000Z	keine lokale Zuordnung gefunden
Rod Stewart	Maggie May				keine	2	2026-07-15T13:03:23.000Z	keine lokale Zuordnung gefunden
Rod Stewart	Tom Traubert's Blues (Waltzin				keine	1	2026-07-15T07:30:08.000Z	keine lokale Zuordnung gefunden
Rolling Stones	Angie				keine	1	2026-07-15T04:40:27.000Z	keine lokale Zuordnung gefunden
Rolling Stones	Time Waits For No One				keine	1	2026-07-15T05:50:17.000Z	keine lokale Zuordnung gefunden
Roving Crows	Long Time Dead				keine	2	2026-07-14T13:44:04.000Z	keine lokale Zuordnung gefunden
Roy Orbison	Oh, Pretty Woman				keine	1	2026-07-15T07:54:49.000Z	keine lokale Zuordnung gefunden
Rush	Fly by Night				keine	1	2026-07-14T01:44:58.000Z	keine lokale Zuordnung gefunden
Ryan Adams	Hotel Chelsea Nights				keine	1	2026-07-15T01:35:09.000Z	keine lokale Zuordnung gefunden
Sam Bush	Blue Mountain				keine	1	2026-07-13T19:29:00.000Z	keine lokale Zuordnung gefunden
Sam Cooke	Another Saturday Night				keine	2	2026-07-15T07:52:24.000Z	keine lokale Zuordnung gefunden
Savage Garden	To the Moon & Back				keine	1	2026-07-13T21:09:27.000Z	keine lokale Zuordnung gefunden
Scorpions	Rock Zone				keine	2	2026-07-15T02:39:52.000Z	keine lokale Zuordnung gefunden
Scorpions	Speedy's Coming				keine	2	2026-07-15T13:54:16.000Z	keine lokale Zuordnung gefunden
Scott McKenzie	San Francisco (Stereo)				keine	1	2026-07-14T05:16:37.000Z	keine lokale Zuordnung gefunden
Secret service	Flash in the night				keine	1	2026-07-14T00:04:16.000Z	keine lokale Zuordnung gefunden
Shania Twain	That Don't Impress Me Much				keine	1	2026-07-13T18:38:11.000Z	keine lokale Zuordnung gefunden
Sheryl Crow	Everyday is a winding road				keine	2	2026-07-15T11:17:58.000Z	keine lokale Zuordnung gefunden
Shocking Blue	Venus				keine	1	2026-07-15T14:08:53.000Z	keine lokale Zuordnung gefunden
Simon & Garfunkel	Last Night I Had The Strangest Dream				keine	1	2026-07-15T01:14:59.000Z	keine lokale Zuordnung gefunden
Simon & Garfunkel	The Boxer				keine	1	2026-07-14T04:59:48.000Z	keine lokale Zuordnung gefunden
Slade	My Friend Stan				keine	1	2026-07-15T13:14:36.000Z	keine lokale Zuordnung gefunden
Slade	Run Runaway				keine	1	2026-07-14T09:56:34.000Z	keine lokale Zuordnung gefunden
SLIK	Forever And Ever				keine	1	2026-07-15T15:16:51.000Z	keine lokale Zuordnung gefunden
Smashing Pumpkins	Tonight, Tonight				keine	1	2026-07-14T00:48:38.000Z	keine lokale Zuordnung gefunden
Smokestack Lightnin'	Country Girl		Blue light chasing	Blue light chasing	mittel	1	2026-07-13T19:57:52.000Z	eindeutiger Titel-Abgleich ohne Interpret
Smokey Robinson	Cruisin'				keine	1	2026-07-14T12:21:38.000Z	keine lokale Zuordnung gefunden
Smokey Robinson	Tell Me Tomorrow				keine	1	2026-07-15T07:15:36.000Z	keine lokale Zuordnung gefunden
Smokie	Living next door to Alice		Come dance with me | The Walking	Come dance with me | The Walking	hoch	2	2026-07-15T13:24:32.000Z	exakter Interpret-und-Titel-Abgleich
SNAKECHARMER	A Little Rock & Roll				keine	1	2026-07-15T12:14:01.000Z	keine lokale Zuordnung gefunden
SNAKECHARMER	Falling Leaves				keine	1	2026-07-15T02:24:46.000Z	keine lokale Zuordnung gefunden
Sniff 'n' the Tears	Driver's Seat				keine	1	2026-07-15T14:56:38.000Z	keine lokale Zuordnung gefunden
SNOWY WHITE	Bird Of Pardise				keine	1	2026-07-15T12:32:40.000Z	keine lokale Zuordnung gefunden
Someday Jacob	Weather Man				keine	2	2026-07-15T10:08:19.000Z	keine lokale Zuordnung gefunden
Sonny & Cher	Little Man				keine	1	2026-07-14T05:58:20.000Z	keine lokale Zuordnung gefunden
Soul Asylum	Somebody To Shove				keine	1	2026-07-14T21:51:05.000Z	keine lokale Zuordnung gefunden
Southern Culture On The Skids	Voodoo Cadillac				keine	1	2026-07-15T10:54:54.000Z	keine lokale Zuordnung gefunden
Spandau Ballet	Gold				keine	1	2026-07-14T08:02:18.000Z	keine lokale Zuordnung gefunden
Starship	Nothing's Gonna Stop Us Now				keine	1	2026-07-14T08:54:49.000Z	keine lokale Zuordnung gefunden
Status Quo	Caroline				keine	1	2026-07-15T03:29:25.000Z	keine lokale Zuordnung gefunden
Status Quo	What you're proposing				keine	1	2026-07-14T21:37:28.000Z	keine lokale Zuordnung gefunden
Steely Dan	Night By Night				keine	2	2026-07-15T01:17:11.000Z	keine lokale Zuordnung gefunden
Steppenwolf	Born To Be Wild				keine	1	2026-07-14T21:00:48.000Z	keine lokale Zuordnung gefunden
Steve Hackett	Spectral Mornings				keine	1	2026-07-15T11:08:16.000Z	keine lokale Zuordnung gefunden
Steve Hackett	There Are Many Sides To The Night				keine	1	2026-07-13T23:15:06.000Z	keine lokale Zuordnung gefunden
Steve Hackett	Tubehead				keine	1	2026-07-15T12:50:11.000Z	keine lokale Zuordnung gefunden
Steve Lukather	Party In Simon's Pants				keine	1	2026-07-14T17:54:40.000Z	keine lokale Zuordnung gefunden
Steve Winwood	Valerie				keine	1	2026-07-14T12:14:23.000Z	keine lokale Zuordnung gefunden
Steve Winwood	While You See A Chance (Single Version)				keine	1	2026-07-15T06:22:46.000Z	keine lokale Zuordnung gefunden
Stevie Wonder	Superstition				keine	1	2026-07-15T07:42:25.000Z	keine lokale Zuordnung gefunden
Stevie Wonder	Yester Me, Yester You, Yesterday				keine	1	2026-07-14T05:13:32.000Z	keine lokale Zuordnung gefunden
STRAWBS	Part Of The Union				keine	2	2026-07-15T13:21:35.000Z	keine lokale Zuordnung gefunden
Stretch	Why Did You Do It				keine	2	2026-07-15T15:04:04.000Z	keine lokale Zuordnung gefunden
Supermax	Lovemachine				keine	1	2026-07-14T06:12:21.000Z	keine lokale Zuordnung gefunden
Supertramp	Sister Moonshine				keine	1	2026-07-13T22:08:18.000Z	keine lokale Zuordnung gefunden
Suzette Herft	Raise a Voice of Hope				keine	1	2026-07-15T09:25:16.000Z	keine lokale Zuordnung gefunden
Taylor Dayne	Tell It To My Heart				keine	1	2026-07-14T09:29:58.000Z	keine lokale Zuordnung gefunden
Texas	Get down tonight				keine	2	2026-07-15T00:46:57.000Z	keine lokale Zuordnung gefunden
The Artwoods	I'm Looking For A Saxophonist Doubling French Horn Wearing Size 37 B				keine	1	2026-07-14T15:17:37.000Z	keine lokale Zuordnung gefunden
The Band	The Night They Drove Old Dixie Down				keine	1	2026-07-14T00:41:33.000Z	keine lokale Zuordnung gefunden
The Bangles	Eternal Flame				keine	1	2026-07-15T05:23:10.000Z	keine lokale Zuordnung gefunden
The Bangles	Walk Like An Egyptian				keine	1	2026-07-14T09:08:48.000Z	keine lokale Zuordnung gefunden
The Beatles	Mr. Moonlight				keine	1	2026-07-14T00:39:05.000Z	keine lokale Zuordnung gefunden
The Bellamy Brothers	Let Your Love Flown				keine	1	2026-07-14T13:33:50.000Z	keine lokale Zuordnung gefunden
The Chapmans	She's Never Coming Back				keine	1	2026-07-14T14:19:03.000Z	keine lokale Zuordnung gefunden
The Derek Trucks Band	Down In The Flood				keine	1	2026-07-14T17:28:56.000Z	keine lokale Zuordnung gefunden
The Equals	Baby Come Back				keine	1	2026-07-14T04:25:15.000Z	keine lokale Zuordnung gefunden
The Fifth Dimension	Up, Up And Away				keine	1	2026-07-14T04:22:34.000Z	keine lokale Zuordnung gefunden
The Four Tops	If I Were A Carpenter				keine	1	2026-07-14T05:46:43.000Z	keine lokale Zuordnung gefunden
The Four Tops	Reach Out, I'll Be There				keine	1	2026-07-14T04:19:31.000Z	keine lokale Zuordnung gefunden
The Gods	To Samuel A Son				keine	1	2026-07-15T16:49:34.000Z	keine lokale Zuordnung gefunden
The Grateful Dead	And We Bid You Tonight				keine	1	2026-07-13T22:03:50.000Z	keine lokale Zuordnung gefunden
The Hollies	Long Cool Woman in a Black Dress				keine	2	2026-07-15T14:36:41.000Z	keine lokale Zuordnung gefunden
The Hollies	Sweet Country Calling				keine	1	2026-07-15T10:29:28.000Z	keine lokale Zuordnung gefunden
The Hurricanes	Only One Night				keine	1	2026-07-14T23:52:20.000Z	keine lokale Zuordnung gefunden
The J. Geils Band	Believe In Me				keine	1	2026-07-15T13:36:04.000Z	keine lokale Zuordnung gefunden
The Jayhawks	Real Light				keine	1	2026-07-15T10:59:34.000Z	keine lokale Zuordnung gefunden
The Lords	Glory Land				keine	1	2026-07-14T05:34:01.000Z	keine lokale Zuordnung gefunden
The Mamas & The Papas	Dream A Little Dream Of Me				keine	1	2026-07-14T05:24:42.000Z	keine lokale Zuordnung gefunden
The Nitty Gritty Dirt Band	Stuck In The Middle				keine	1	2026-07-13T18:25:17.000Z	keine lokale Zuordnung gefunden
The Notting Hillbillies	Feel Like Going Home				keine	1	2026-07-14T14:28:50.000Z	keine lokale Zuordnung gefunden
The Oak Ridge Boys	I'll Live In Glory				keine	1	2026-07-14T14:45:25.000Z	keine lokale Zuordnung gefunden
The Ohio Express	Yummy, Yummy, Yummy				keine	1	2026-07-14T05:11:10.000Z	keine lokale Zuordnung gefunden
The Outlaws	Green Grass and high Tides				keine	1	2026-07-15T10:11:17.000Z	keine lokale Zuordnung gefunden
The Police	Bring On The Night				keine	1	2026-07-13T23:51:26.000Z	keine lokale Zuordnung gefunden
The Police	Roxanne				keine	1	2026-07-14T09:14:38.000Z	keine lokale Zuordnung gefunden
The Police	Walking On The Moon				keine	1	2026-07-14T23:43:20.000Z	keine lokale Zuordnung gefunden
The Rankin Family	North Country				keine	1	2026-07-13T20:57:15.000Z	keine lokale Zuordnung gefunden
The Sadies	Idle Tomorrows				keine	1	2026-07-14T13:23:26.000Z	keine lokale Zuordnung gefunden
The Shangri-Las	Leader of the Pack				keine	1	2026-07-14T05:52:19.000Z	keine lokale Zuordnung gefunden
The Statler Brothers	Thank You World				keine	1	2026-07-13T20:45:27.000Z	keine lokale Zuordnung gefunden
The Traveling Wilburys	Last Night		Chill factor	Chill factor	mittel	2	2026-07-15T00:06:50.000Z	eindeutiger Titel-Abgleich ohne Interpret
The Walkabouts	Nightdrive				keine	1	2026-07-14T01:20:24.000Z	keine lokale Zuordnung gefunden
The Wreckers	Leave the Pieces				keine	1	2026-07-13T18:06:07.000Z	keine lokale Zuordnung gefunden
Tim Grimm	Family History				keine	1	2026-07-15T10:21:06.000Z	keine lokale Zuordnung gefunden
Tim McGraw	Down On the Farm				keine	1	2026-07-15T10:42:23.000Z	keine lokale Zuordnung gefunden
Tim McGraw	One of Those Nights				keine	1	2026-07-13T18:16:23.000Z	keine lokale Zuordnung gefunden
Tina Charles	I Love To Love				keine	1	2026-07-15T13:44:44.000Z	keine lokale Zuordnung gefunden
Tina Turner	Pick Me Tonight				keine	2	2026-07-15T01:54:02.000Z	keine lokale Zuordnung gefunden
Tina Turner	Private Dancer				keine	1	2026-07-14T10:39:26.000Z	keine lokale Zuordnung gefunden
Tina Turner & Ike Turner	Nutbush City Limits				keine	1	2026-07-15T06:15:29.000Z	keine lokale Zuordnung gefunden
Tommy Bolin	Wild Dogs				keine	1	2026-07-15T11:49:37.000Z	keine lokale Zuordnung gefunden
Tony Joe White	Rainy Night In Georgia				keine	1	2026-07-14T14:15:29.000Z	keine lokale Zuordnung gefunden
Toploader	Dancing in the Moonlight				keine	1	2026-07-14T00:35:13.000Z	keine lokale Zuordnung gefunden
Tracey Ullman	Sunglasses				keine	1	2026-07-14T08:34:28.000Z	keine lokale Zuordnung gefunden
Traumpfad	Sol				keine	1	2026-07-14T18:32:16.000Z	keine lokale Zuordnung gefunden
Travis	A Midsummer Nights Dreaming				keine	1	2026-07-13T22:04:25.000Z	keine lokale Zuordnung gefunden
Travis	One Night				keine	1	2026-07-13T22:57:50.000Z	keine lokale Zuordnung gefunden
Travis	Under The Moonlight				keine	1	2026-07-14T23:09:51.000Z	keine lokale Zuordnung gefunden
Travis	Why Does It Always Rain On Me?				keine	1	2026-07-13T18:01:42.000Z	keine lokale Zuordnung gefunden
Triumvirat	The Hymn				keine	2	2026-07-15T14:14:48.000Z	keine lokale Zuordnung gefunden
Troggs	What A Girl Like You				keine	1	2026-07-14T04:47:28.000Z	keine lokale Zuordnung gefunden
Truck Stop	Easy Rider				keine	1	2026-07-13T19:25:39.000Z	keine lokale Zuordnung gefunden
Tscheky & The Blues Kings	The Sky Is Cryin'				keine	1	2026-07-14T11:10:48.000Z	keine lokale Zuordnung gefunden
Twin Peaks Soundtrack	07 Into The Night				keine	1	2026-07-14T00:30:33.000Z	keine lokale Zuordnung gefunden
U2	I Still Haven't Found What I'm Looking For				keine	1	2026-07-14T10:43:29.000Z	keine lokale Zuordnung gefunden
U2	Sunday Bloody Sunday				keine	2	2026-07-15T08:09:28.000Z	keine lokale Zuordnung gefunden
Udo Jürgens	Cotton Fields				keine	1	2026-07-13T19:02:43.000Z	keine lokale Zuordnung gefunden
UFO	Rock Bottom				keine	1	2026-07-14T21:24:27.000Z	keine lokale Zuordnung gefunden
Ultravox	Hymn				keine	1	2026-07-14T09:25:32.000Z	keine lokale Zuordnung gefunden
Uriah Heep	Lady In Black				keine	2	2026-07-15T15:13:06.000Z	keine lokale Zuordnung gefunden
Uriah Heep	Lost				keine	2	2026-07-14T19:18:43.000Z	keine lokale Zuordnung gefunden
Uriah Heep	Southern Star				keine	2	2026-07-15T04:57:01.000Z	keine lokale Zuordnung gefunden
Uriah Heep	The Wizard				keine	2	2026-07-15T14:05:53.000Z	keine lokale Zuordnung gefunden
Uriah Heep	Trail Of Diamonds				keine	1	2026-07-15T05:31:07.000Z	keine lokale Zuordnung gefunden
Van Halen	Runnin' With The Devil				keine	1	2026-07-14T03:50:47.000Z	keine lokale Zuordnung gefunden
W.A.S.P.	Saturday night cockfight				keine	1	2026-07-14T01:48:23.000Z	keine lokale Zuordnung gefunden
Waylon Jennings	Lucille		Heart of an Angel	Heart of an Angel	mittel	1	2026-07-13T20:23:55.000Z	eindeutiger Titel-Abgleich ohne Interpret
Whitesnake	Forevermore				keine	1	2026-07-14T20:36:41.000Z	keine lokale Zuordnung gefunden
Whitesnake	Still Of The Night				keine	2	2026-07-14T22:59:25.000Z	keine lokale Zuordnung gefunden
Whitesnake	Walking In The Shadow Of The Blues				keine	1	2026-07-14T15:13:17.000Z	keine lokale Zuordnung gefunden
Whitney Houston	One Moment In Time				keine	1	2026-07-15T06:35:36.000Z	keine lokale Zuordnung gefunden
Willie Nelson	Always On My Mind				keine	1	2026-07-15T10:38:49.000Z	keine lokale Zuordnung gefunden
Wilson Pickett	In The Midnight Hour				keine	2	2026-07-14T23:19:27.000Z	keine lokale Zuordnung gefunden
Wizzard	See My Baby Jive				keine	1	2026-07-15T15:52:02.000Z	keine lokale Zuordnung gefunden
Wynonna	Girls With Guitars				keine	2	2026-07-15T09:13:24.000Z	keine lokale Zuordnung gefunden
Yardbirds	Still I'm Sad				keine	1	2026-07-14T05:21:55.000Z	keine lokale Zuordnung gefunden
Yes	Wondrous Stories				keine	1	2026-07-14T16:13:45.000Z	keine lokale Zuordnung gefunden
Zac Brown Band	Settle Me Down				keine	2	2026-07-15T09:45:38.000Z	keine lokale Zuordnung gefunden
