Interpret	Lied	Tanz	Bildtyp	Quelle
	1 2 Many	Half Past Tipsy	dance_first	11.53.57 (12)
	1976	1976	dance_first	11.53.57 (12)
	21 Forever	21 Forever	dance_first	11.53.572
	57 Chevrolet	Halleluja	dance_first	11.53.57 (9)
	A little more country	Holly's Church	dance_first	11.53.57 (3)
	A little naiv	Por ti sere	dance_first	11.53.57 (2)
	A love like that	All over again	dance_first	11.53.572
	A love like that	Cowboy strut	dance_first	11.53.57 (6)
	A thousand way's	Good time	dance_first	11.53.57 (9)
	A Woman Like You	Come dance with me	dance_first	11.53.57 (6)
	Achy breaky heart	Electric Slide	dance_first	11.53.57 (9)
	Achy breaky heart (Remix)	Electric Slide	dance_first	11.53.57 (9)
	Adalaida	Adalaida	dance_first	11.53.572
	After the storm	16-Step	dance_first	11.53.572
	After the storm	Electric Slide	dance_first	11.53.57 (9)
	Ala freackin' bama	Ala freackin' bama	dance_first	11.53.572
	All i missing is you	Golden wedding Ring	dance_first	11.53.57 (9)
	All over again	All over again	dance_first	11.53.572
	All shook up	All shook up	dance_first	11.53.572
	All shook up (Elvis)	All shook up	dance_first	11.53.572
	All shook up (slow)	All shook up	dance_first	11.53.572
	All shook up (v.slow)	All shook up	dance_first	11.53.572
	All summer long	Country Walking	dance_first	11.53.57 (6)
	All summer long	Uptown funky	dance_first	11.53.57 (8)
	Amame	Amame	dance_first	11.53.572
	Amazing Grace	Waltz accross Texas	dance_first	11.53.57 (8)
	American dream	Por ti sere	dance_first	11.53.57 (2)
	American Honky Tonk	Down on your uppers	dance_first	11.53.57 (6)
	American Saturday night	Chattahoochee	dance_first	11.53.57 (6)
	Any man of mine	Canadian Stomp	dance_first	11.53.572
	Anything for love	Anything for love	dance_first	11.53.572
	Are you gonna kiss me	Lonely Drum	dance_first	11.53.57 (2)
	Back in your arms	All over again	dance_first	11.53.572
	Back in your arms	Cucaracha	dance_first	11.53.57 (6)
	Bad bad Leroy Brown	Sex, Love & Texas	dance_first	11.53.57 (8)
	Bad case of loving you	Doctor Doctor	dance_first	11.53.57 (6)
	Bad Leroy Brown	Burning love	dance_first	11.53.572
	Beat of the music	Cabo San Lucas	dance_first	11.53.57 (6)
	Beautiful Madness	Beautiful Madness	dance_first	11.53.572
	Beer for my Horses	Beer for my Horses	dance_first	11.53.572
	Better every beer	Beer for my Horses	dance_first	11.53.572
	Better every beer	Uptown funky	dance_first	11.53.57 (8)
	Bible belt	Bible belt	dance_first	11.53.572
	Big big love	Fishin' in the dark	dance_first	11.53.57 (9)
	Big hair	Kill the spider	dance_first	11.53.57 (2)
	Black coffee	Black Coffee	dance_first	11.53.572
	Blanked on the ground	High Cotton	dance_first	11.53.57 (3)
	Blue ain't your color	Heart of an Angel	dance_first	11.53.57 (3)
	Blue blue tears	Country 2-Step	dance_first	11.53.57 (6)
	Blue Rodeo	Blue Rodeo	dance_first	11.53.572
	Blue rodeo	Rhumba & Roses	dance_first	11.53.57 (2)
	Blue suede Blues	Little Bitty	dance_first	11.53.57 (2)
	Boat to Liverpool	The Boat to Liverpool	dance_first	11.53.57 (8)
	Bobbie Sue	Sugar & Pai	dance_first	11.53.57 (8)
	Bonaparte's Retreat	Bonaparte's Retreat	dance_first	11.53.572
	Boot scooting boogie	Tush Push	dance_first	11.53.57 (8)
	Bootshake	Bootshake	dance_first	11.53.57 (12)
	Bosa Nova	Bosa Nova	dance_first	11.53.572
	Bottom of the Bottle	Bottom of the Bottle	dance_first	11.53.571
	Brenda Put Your Bra On	Brenda Put Your Bra On	dance_first	11.53.571
	Bring Back The Sunshine	My Little RnR	dance_first	11.53.57 (2)
	Bring down the house	Bring down the house	dance_first	11.53.572
	Bucked off	Chill factor	dance_first	11.53.57 (6)
	Bucked off	Honky Tonk Fix	dance_first	11.53.57 (3)
	Burning Love (Travis Tritt)	Burning love	dance_first	11.53.572
	Burning love (Wynonna)	Burning love	dance_first	11.53.572
	Busy beeing faboulous	Toes	dance_first	11.53.57 (8)
	Buy me a boat	Holly's Church	dance_first	11.53.57 (3)
	Buy me a boat	Like a fine wine	dance_first	11.53.57 (2)
	Buy me a rose	Buy me a Rose	dance_first	11.53.572
	Cabo San Lucas	Cabo San Lucas	dance_first	11.53.572
	Cajun hoedown	Firestorm	dance_first	11.53.57 (9)
	California Cowgirl	California Cowgirl	dance_first	11.53.571
	Calm after the storm	Come dance with me	dance_first	11.53.57 (6)
	Can i come home to you	Buy me a Rose	dance_first	11.53.572
	Can't stop me now	Stop me now	dance_first	11.53.57 (8)
	Captured (by loves melody)	Captured By Love	dance_first	11.53.571
	Chasing that neon Rainbow	Story	dance_first	11.53.57 (8)
	Chattahoochee	Chattahoochee	dance_first	11.53.572
	Cherokee boogie	Chattahoochee	dance_first	11.53.572
	Cherry bomb	Blue light chasing	dance_first	11.53.572
	Chicken Fried	Country 2-Step	dance_first	11.53.57 (6)
	Chop	Chop Chop	dance_first	11.53.571
	Cinderella	Kill the spider	dance_first	11.53.57 (2)
	Cinderella	Slapping Leather	dance_first	11.53.57 (8)
	CLDF	Electric Slide	dance_first	11.53.57 (9)
	Codigo	Codigo	dance_first	11.53.57 (6)
	Come dance with me	Come dance with me	dance_first	11.53.57 (6)
	Come early morning	Joana	dance_first	11.53.57 (2)
	Copperhead Road	Copperhead Road	dance_first	11.53.57 (6)
	Corn	Corn	dance_first	11.53.571
	Cotton eye Joe	Cotton eye Joe	dance_first	11.53.57 (6)
	Country Boys	Country Touch	dance_first	11.53.571
	Country club	Bread & Butter	dance_first	11.53.572
	Country club	Kill the spider	dance_first	11.53.57 (2)
	Country Girl	Blue light chasing	dance_first	11.53.572
	Country Roads	Graffiti	dance_first	11.53.57 (9)
	Country Roads	Joana	dance_first	11.53.57 (2)
	Coward of the county	Joana	dance_first	11.53.57 (2)
	Cowboy Cadillac	Bible belt	dance_first	11.53.572
	Cowboy Up	Heel, Toe, Rodeo	dance_first	11.53.571
	Cowboy's sweatheart	Picnic Polka	dance_first	11.53.57 (2)
	Cowgirl twist	Cowgirl twist	dance_first	11.53.57 (6)
	Crossfire	Black Coffee	dance_first	11.53.572
	Daddy sang bass	Friday yet	dance_first	11.53.57 (9)
	Daddy's money	Electric Slide	dance_first	11.53.57 (9)
	Dallas	Anything for love	dance_first	11.53.572
	Designated drinker	Good time	dance_first	11.53.57 (9)
	Desolation road	Canadian Stomp	dance_first	11.53.572
	Desperados in love	Anything for love	dance_first	11.53.572
	Dixie Road	Homeward bound	dance_first	11.53.57 (3)
	Do me with love	Come dance with me	dance_first	11.53.57 (6)
	Dog River Blues	The Trail	dance_first	11.53.57 (8)
	Dolly Would	Dolly Would	dance_first	11.53.571
	Don't Be Cruel	Don't be Cruel	dance_first	11.53.571
	Don't be cruel	I must be dreaming	dance_first	11.53.57 (3)
	Don't be cruel	Strong enough	dance_first	11.53.57 (8)
	Don't close your eyes	High Cotton	dance_first	11.53.57 (3)
	Don't gimme that	Redneck boot stomp	dance_first	11.53.57 (2)
	Don't put me in the Ex	Country 2-Step	dance_first	11.53.57 (6)
	Don't wake me up	I must be dreaming	dance_first	11.53.57 (3)
	Don't you wish it was true	First class	dance_first	11.53.57 (9)
	Dont send the invitation	Chill factor	dance_first	11.53.572
	Down in a ditch	Canadian Stomp	dance_first	11.53.57 (6)
	Down on your uppers	Down on your uppers	dance_first	11.53.57 (6)
	Dream lover	Go seven	dance_first	11.53.57 (9)
	Drink Drank Drunk	Drink Drank Drunk	dance_first	11.53.57 (9)
	Drink in my hand	Bring down the house	dance_first	11.53.572
	Drink in my hand	Chill factor	dance_first	11.53.57 (6)
	Drinking bone	Drinking Bone	dance_first	11.53.57 (6)
	Drug problem	Gypsy Queen	dance_first	11.53.57 (9)
	Drup problem	Halleluja	dance_first	11.53.57 (9)
	Dust of my boots	Fishin' in the dark	dance_first	11.53.57 (9)
	Empty	Down on your uppers	dance_first	11.53.57 (6)
	Ev'ry time i close my eyes	I close my eyes	dance_first	11.53.57 (3)
	Evangeline	Cowboy strut	dance_first	11.53.57 (6)
	Evangeline	Good time	dance_first	11.53.57 (9)
	Every Little Thing	Cardio Jive	dance_first	11.53.57 (12)
	Every little thing	Honky Tonk	dance_first	11.53.57 (3)
	Every little thing	Silverado	dance_first	11.53.57 (8)
	Every little thing	Tush Push	dance_first	11.53.57 (8)
	Everybody Dance	Everybody Dance	dance_first	11.53.57 (12)
	Everybody's Darling	Come dance with me	dance_first	11.53.57 (6)
	Except for Monday	Honky Tonk	dance_first	11.53.57 (3)
	Fallin' in Love	Fallin' in Love	dance_first	11.53.571
	Feelin' the feeling	16-Step	dance_first	11.53.572
	Feeling good	Legend	dance_first	11.53.57 (2)
	Female bonding	All over again	dance_first	11.53.572
	First love	Bible belt	dance_first	11.53.572
	Fisher's hornpipe	Fisher's Hornpipe	dance_first	11.53.57 (9)
	Fishin' in the dark	Fishin' in the dark	dance_first	11.53.57 (9)
	Flowers	Miley's Flowers	dance_first	11.53.571
	For The Good Times (Bouke)	For The Good Times	dance_first	11.53.571
	For The Good Times (Elvis)	For The Good Times	dance_first	11.53.571
	Forever and ever, amen	Gypsy Queen	dance_first	11.53.57 (9)
	Found	Patsy Fagan	dance_first	11.53.57 (2)
	Free and easy	Jamboree	dance_first	11.53.57 (3)
	Free and easy	Leaving of Liverpool	dance_first	11.53.57 (2)
	Friday at the dance	Halleluja	dance_first	11.53.57 (9)
	Georgie	I close my eyes	dance_first	11.53.57 (3)
	Ghost Story	Heart of an Angel	dance_first	11.53.57 (3)
	Girl with a fishing Rod	TH Guest Ranch	dance_first	11.53.57 (8)
	Girl with the fishing Rod	TH Guest Ranch	dance_first	11.53.571
	God ain't finished with me	Country 2-Step	dance_first	11.53.57 (6)
	God bless Saturday	Chill factor	dance_first	11.53.57 (6)
	God blessed Saturday	Ala freackin' bama	dance_first	11.53.572
	God blessed Texas	God blessed Texas	dance_first	11.53.57 (9)
	Going Back West	Going Back West	dance_first	11.53.571
	Going Blonde	Going Blonde	dance_first	11.53.571
	Golden ring	Golden wedding Ring	dance_first	11.53.57 (9)
	Good luck Charme	First class	dance_first	11.53.57 (9)
	Good ole boys like me	Come dance with me	dance_first	11.53.57 (6)
	Good time	Good time	dance_first	11.53.57 (9)
	Good year for the roses	Buy me a Rose	dance_first	11.53.57 (6)
	Grandma's featherbed	Grandma's Featherbed	dance_first	11.53.57 (9)
	Gravity	Grandma's Featherbed	dance_first	11.53.57 (9)
	Green grass of home	Stroll along Cha Cha	dance_first	11.53.57 (8)
	Green Green Grass	Green Green Grass	dance_first	11.53.571
	Gypsy Queen	Gypsy Queen	dance_first	11.53.57 (9)
	Haggard, Hank and her	Cabo San Lucas	dance_first	11.53.57 (6)
	Halfe the moon	Buy me a Rose	dance_first	11.53.572
	Halleluja	Halleluja	dance_first	11.53.57 (9)
	Halleluja 2019	Halleluja	dance_first	11.53.57 (9)
	Hank The Hell Out Of The Honkytonk	Honky Tonk Slap	dance_first	11.53.571
	Hard living Cowboy	Hearts & Flowers	dance_first	11.53.57 (3)
	He's a heartache	I must be dreaming	dance_first	11.53.57 (3)
	Head over heels	Three Teachers	dance_first	11.53.57 (8)
	Heart of an angel	Heart of an Angel	dance_first	11.53.57 (3)
	Heartache	Kill the spider	dance_first	11.53.57 (2)
	Heartache by the number	First class	dance_first	11.53.57 (9)
	Heartaches & Honky tonk	Happy restart	dance_first	11.53.57 (3)
	Heartaches by the number	Electric Slide	dance_first	11.53.57 (9)
	Heartland	Friday yet	dance_first	11.53.57 (9)
	Hearts & Flowers	Hearts & Flowers	dance_first	11.53.57 (3)
	Hello Mary Lou	Grandma's Featherbed	dance_first	11.53.57 (9)
	Here for a good time	Kill the spider	dance_first	11.53.57 (2)
	Hey Joe	Grandma's Featherbed	dance_first	11.53.57 (9)
	High class Lady	My new live	dance_first	11.53.57 (2)
	High class Lady	Twist'em	dance_first	11.53.57 (12)
	High Cotton	High Cotton	dance_first	11.53.57 (3)
	High Time	Get Rollin'	dance_first	11.53.571
	Hillbillies	Mr. Funky	dance_first	11.53.571
	Hillbilly Girl	Grandma's Featherbed	dance_first	11.53.57 (9)
	Hoedown	Hoedown	dance_first	11.53.57 (12)
	Hold on your hat	Story	dance_first	11.53.57 (8)
	Hole in a bottle	Black Coffee	dance_first	11.53.572
	Homesick	Buy me a Rose	dance_first	11.53.57 (6)
	Honey bee	Honky Tonk Fix	dance_first	11.53.57 (3)
	Honey i'm good	Hearts & Flowers	dance_first	11.53.57 (3)
	Honey i'm home	Canadian Stomp	dance_first	11.53.572
	Honk if you honky tonk	Burning love	dance_first	11.53.572
	Honk if you Honky Tonk	Honky Tonk	dance_first	11.53.57 (3)
	Honky tonk woman	Black Coffee	dance_first	11.53.572
	Hookin' up	Hookin' up	dance_first	11.53.57 (3)
	Horses in Heaven	Horses in Heaven	dance_first	11.53.571
	How long	Fishin' in the dark	dance_first	11.53.57 (9)
	Hypocrites	Gypsy Queen	dance_first	11.53.57 (9)
	Hypocrites in heaven	Playboys	dance_first	11.53.57 (2)
	I can't be bothered	Jambalaya	dance_first	11.53.57 (3)
	I don't look good naked	Slapping Leather	dance_first	11.53.57 (8)
	I don't need the booze	Good time	dance_first	11.53.57 (9)
	I feel lucky	King of the road	dance_first	11.53.57 (2)
	I Feel Lucky Tonight	Friday yet	dance_first	11.53.57 (9)
	I fly away	Hearts & Flowers	dance_first	11.53.57 (3)
	I get the fever	Cucaracha	dance_first	11.53.57 (6)
	I got a feeling	Bring down the house	dance_first	11.53.572
	I like it, i love it	Ala freackin' bama	dance_first	11.53.572
	I love her mind	Blue light chasing	dance_first	11.53.572
	I love her mind	Canadian Stomp	dance_first	11.53.57 (6)
	I love her mind	High Cotton	dance_first	11.53.57 (3)
	I love this bar	Ala freackin' bama	dance_first	11.53.572
	I need more of you	Por ti sere	dance_first	11.53.57 (2)
	I recall a gypsy woman	Country 2-Step	dance_first	11.53.57 (6)
	I recall a gypsy Woman	Golden wedding Ring	dance_first	11.53.57 (9)
	I recall a gypsy woman	Gypsy Queen	dance_first	11.53.57 (9)
	I want my baby back	Country 2-Step	dance_first	11.53.57 (6)
	I want to stroll	Waltz accross Texas	dance_first	11.53.57 (8)
	I'll need someone	Rhumba & Roses	dance_first	11.53.57 (2)
	I'll try	Buy me a Rose	dance_first	11.53.57 (6)
	I'm gonna Getcha Good	My Little RnR	dance_first	11.53.57 (2)
	I'm the music man	Country 2-Step	dance_first	11.53.57 (6)
	I've got mexico	I've got Mexico	dance_first	11.53.57 (3)
	Ich mach meine Augen zu	I close my eyes	dance_first	11.53.57 (3)
	If Bubba can dance	God blessed Texas	dance_first	11.53.57 (9)
	If I Ever	If I Ever	dance_first	11.53.571
	If i needed you	Golden wedding Ring	dance_first	11.53.57 (9)
	If love was a river	Homeward bound	dance_first	11.53.57 (3)
	If tears could talk	Rhumba & Roses	dance_first	11.53.57 (2)
	If you ever leave	If you ever leave	dance_first	11.53.57 (3)
	In a letter to you	Go seven	dance_first	11.53.57 (9)
	In my car	Honky Tonk Fix	dance_first	11.53.57 (3)
	Is it Friday yet	Friday yet	dance_first	11.53.57 (9)
	It must be love	I close my eyes	dance_first	11.53.57 (3)
	It's going to Pot	Friday yet	dance_first	11.53.57 (9)
	It's going to Pot	Honky Tonk	dance_first	11.53.57 (3)
	Jalapenos	High Cotton	dance_first	11.53.57 (3)
	Jambalaya	Jambalaya	dance_first	11.53.57 (3)
	Jamboree	Jamboree	dance_first	11.53.57 (3)
	Jersey Giant	Jersey Giant	dance_first	11.53.571
	Jose Cuervo	16-Step	dance_first	11.53.572
	Keepin' it country	Canadian Stomp	dance_first	11.53.57 (6)
	Kick a little	Three Teachers	dance_first	11.53.57 (8)
	Kick the dust up	Redneck boot stomp	dance_first	11.53.57 (2)
	Kick the dust up	Slapping Leather	dance_first	11.53.57 (8)
	King of the Road	King of the Road	dance_first	11.53.571
	Knock Off	Knock Off	dance_first	11.53.571
	Kookaburra Blues	Bread & Butter	dance_first	11.53.572
	Laid back stone cold	Cowgirl twist	dance_first	11.53.57 (6)
	Last night	Chill factor	dance_first	11.53.572
	Last night (Mega)	Chill factor	dance_first	11.53.572
	Lay down beside me	Waltz accross Texas	dance_first	11.53.57 (8)
	Lay low	Beer for my Horses	dance_first	11.53.572
	Leaving of Liverpool	Leaving of Liverpool	dance_first	11.53.57 (2)
	Let Your Love Flow	Black Coffee	dance_first	11.53.572
	Let your love flow (2019)	16-Step	dance_first	11.53.572
	Let your Momma go	Chattahoochee	dance_first	11.53.57 (6)
	Let your Momma go	Silverado	dance_first	11.53.57 (8)
	Let's go to Vegas	Cowgirl twist	dance_first	11.53.57 (6)
	Let's go to Vegas	My new live	dance_first	11.53.57 (2)
	Let's roll America	Black Coffee	dance_first	11.53.572
	Line Dance Party	Shake off your Shoes	dance_first	11.53.571
	Listen to your senses	Take a little drive	dance_first	11.53.57 (8)
	Little Bitty	Little Bitty	dance_first	11.53.57 (2)
	Livin' on love	Good time	dance_first	11.53.57 (9)
	Livin' on love	The Walking	dance_first	11.53.57 (8)
	Lodi	Electric Slide	dance_first	11.53.57 (9)
	Lonely drum	Lonely Drum	dance_first	11.53.57 (2)
	Lonely planet	Electric Slide	dance_first	11.53.57 (9)
	Lord help me	Lord help me	dance_first	11.53.57 (2)
	Love me tonight	Gypsy Queen	dance_first	11.53.57 (9)
	Love takes time	Like a fine wine	dance_first	11.53.57 (2)
	Lovers live longer	Cabo San Lucas	dance_first	11.53.572
	Lovers live longer	I close my eyes	dance_first	11.53.57 (3)
	Lucille	Heart of an Angel	dance_first	11.53.57 (3)
	Lucky	Lucky	dance_first	11.53.57 (2)
	Lucky I'm Drinking	Lucky	dance_first	11.53.571
	Lucky Lips	Lucky Lips	dance_first	11.53.57 (12)
	Making plans	I must be dreaming	dance_first	11.53.57 (3)
	Mama Loo (fast)	Mama Loo	dance_first	11.53.57 (2)
	Mamas	Mama & Me	dance_first	11.53.571
	Mamma Maria	Mamma Maria	dance_first	11.53.572
	Mercury Blues	Crazy 'bout Mercury	dance_first	11.53.571
	Mercury blues	Tush Push	dance_first	11.53.57 (8)
	Mexico came here	I close my eyes	dance_first	11.53.57 (3)
	Mississippi	Black Coffee	dance_first	11.53.572
	Moses RosesToeses	Moses Roses Toeses	dance_first	11.53.57 (2)
	Moving Down To Texas	Moving Down To Texas	dance_first	11.53.571
	My broken souvenirs	The Walking	dance_first	11.53.57 (8)
	My church	Holly's Church	dance_first	11.53.57 (3)
	My church (Home free)	Holly's Church	dance_first	11.53.57 (3)
	My Little RnR	My Little RnR	dance_first	11.53.57 (2)
	Neon Cowboy	Electric Slide	dance_first	11.53.57 (9)
	Neon moon	Stroll along Cha Cha	dance_first	11.53.57 (8)
	Never coming down	Graffiti	dance_first	11.53.57 (9)
	Never gonna fall in love	Tush Push	dance_first	11.53.57 (8)
	Never Loved Before	Cowboy Strut	dance_first	11.53.571
	Nickajack	Nickajack	dance_first	11.53.572
	No Country Music for old Men	Rhumba & Roses	dance_first	11.53.57 (2)
	Not fair	Not fair	dance_first	11.53.57 (2)
	Oh Lonesome Me	Tush Push	dance_first	11.53.57 (8)
	Oh me oh my oh	Three Teachers	dance_first	11.53.57 (8)
	Old Country Barn	Around The Fire	dance_first	11.53.571
	Old Country-New Country	Honky Tonk Fix	dance_first	11.53.57 (3)
	Old fashion Girl	High Cotton	dance_first	11.53.57 (3)
	Old pop in an oak	Country Walking	dance_first	11.53.57 (6)
	One hundred and two	Country Walking	dance_first	11.53.57 (6)
	One hundred and two	King of the road	dance_first	11.53.57 (2)
	Outta style	Chill factor	dance_first	11.53.57 (6)
	Outta style	Honky Tonk Fix	dance_first	11.53.57 (3)
	Paralysed	Twist'em	dance_first	11.53.57 (12)
	Party at the Farm	Honky Tonk	dance_first	11.53.57 (3)
	Patsy Fagan	Patsy Fagan	dance_first	11.53.57 (2)
	People are crazy	Adalaida	dance_first	11.53.572
	Pickin' up Girls	Pickin' up Girls	dance_first	11.53.571
	Picture	Buy me a Rose	dance_first	11.53.57 (6)
	Playboys	Playboys	dance_first	11.53.57 (2)
	Please Mama please	Blue light chasing	dance_first	11.53.572
	Please Mama please	I must be dreaming	dance_first	11.53.57 (3)
	Please Mama please	My new live	dance_first	11.53.57 (2)
	Por ti sere	Por ti sere	dance_first	11.53.57 (2)
	Pour A Little Whiskey On It	Pour A Little Whiskey	dance_first	11.53.571
	Power over me	Power over me	dance_first	11.53.57 (2)
	Proud Mary	Black Coffee	dance_first	11.53.572
	Purple sky	Beer for my Horses	dance_first	11.53.572
	Put some alcohol	Alcohol	dance_first	11.53.572
	Queen of hearts	Hookin' up	dance_first	11.53.57 (3)
	Raised like that	Raised like that	dance_first	11.53.572
	Red hot Salsa	Cucaracha	dance_first	11.53.57 (6)
	Red hot Salsa	Red Hot Salsa	dance_first	11.53.57 (12)
	Red hot Salsa	We've got time	dance_first	11.53.57 (8)
	Redneck paradise	Strong enough	dance_first	11.53.57 (8)
	Regenbogenfarben	Regenbogenfarben	dance_first	11.53.57 (2)
	Remember when	Where we've been	dance_first	11.53.57 (8)
	Return to sender	First class	dance_first	11.53.57 (9)
	Right now	Cowgirl twist	dance_first	11.53.57 (6)
	River	Run me like a river	dance_first	11.53.57 (8)
	River bank	River bank stomp	dance_first	11.53.57 (2)
	Rivers of Babylon	Rivers of Babylon	dance_first	11.53.57 (12)
	Roll On	Roll On	dance_first	11.53.571
	Roll On Silver Highway	Joana	dance_first	11.53.57 (2)
	Roller Coaster	The Walking	dance_first	11.53.57 (8)
	Rosalie (Holl.)	Rosalie	dance_first	11.53.57 (2)
	Rose A. Lee	Rosalie	dance_first	11.53.57 (2)
	Rose garden	Electric Slide	dance_first	11.53.57 (9)
	Rose Garden	Sugar & Pai	dance_first	11.53.57 (8)
	Runaround Sue	Over The Moon	dance_first	11.53.57 (12)
	Same Boat	Same Boat	dance_first	11.53.57 (8)
	Satin sheets	Tush Push	dance_first	11.53.57 (8)
	Sea of Cowboy hats	Chattahoochee	dance_first	11.53.57 (6)
	Seven lonely days	Go seven	dance_first	11.53.57 (9)
	Sex, Love & Texas	Sex, Love & Texas	dance_first	11.53.57 (8)
	Shooting from the hip	Stompin' it out	dance_first	11.53.57 (8)
	Shortenin' bread	Bread & Butter	dance_first	11.53.572
	Shut up and drive	Cucaracha	dance_first	11.53.57 (6)
	Simple Life	Cowboy strut	dance_first	11.53.57 (6)
	Six string piano	Go seven	dance_first	11.53.57 (9)
	Slow-Version	Bottom of the Bottle	dance_first	11.53.572
	Small town big time	Ala freackin' bama	dance_first	11.53.572
	So called friend	Bread & Butter	dance_first	11.53.572
	Some broken hearts	Country 2-Step	dance_first	11.53.57 (6)
	Some Kind of Wonderful	Some Kind of Wonderful	dance_first	11.53.57 (12)
	Somethin' bout a truck	Holly's Church	dance_first	11.53.57 (3)
	Southbound Train	My new live	dance_first	11.53.57 (2)
	Southern streamline	My new live	dance_first	11.53.57 (2)
	Spirit of the hawk	Black Coffee	dance_first	11.53.572
	Splish Splash	I must be dreaming	dance_first	11.53.57 (3)
	St. Antonio stroll	16-Step	dance_first	11.53.572
	Stand by me	Stand by me	dance_first	11.53.57 (12)
	Start a band	Good time	dance_first	11.53.57 (9)
	Stay The Night	Country Nights	dance_first	11.53.571
	Stone walls	Electric Slide	dance_first	11.53.57 (9)
	Story	Story	dance_first	11.53.57 (8)
	Straight to hell	Strong enough	dance_first	11.53.57 (8)
	Strong enough	Strong enough	dance_first	11.53.57 (8)
	Stuck like glue	Blue Rodeo	dance_first	11.53.572
	Sue	Sue	dance_first	11.53.571
	Sugar & Pai	Sugar & Pai	dance_first	11.53.57 (8)
	Sugar Daddy	Rhumba & Roses	dance_first	11.53.57 (2)
	Summertime blues	Chattahoochee	dance_first	11.53.572
	Sweet Maureen	Twist'em	dance_first	11.53.57 (12)
	Swiss American Yodel	Hearts & Flowers	dance_first	11.53.57 (3)
	Swiss American Yodel	Patsy Fagan	dance_first	11.53.57 (2)
	Take a little drive	Take a little drive	dance_first	11.53.57 (8)
	Take me home	Homeward bound	dance_first	11.53.57 (3)
	Teenage Queenie	Black Coffee	dance_first	11.53.572
	Texas Hold 'Em	Cowboy strut	dance_first	11.53.57 (6)
	Texas Hold'em	Texas Hold'em	dance_first	11.53.571
	Texas Saturday night	Joana	dance_first	11.53.57 (2)
	Thank God for the radio	Come dance with me	dance_first	11.53.57 (6)
	That's my kind of night	Uptown funky	dance_first	11.53.57 (8)
	The big one	Strong enough	dance_first	11.53.57 (8)
	The Center of my universe	When you smile	dance_first	11.53.57 (8)
	The end of the rainbow	Come dance with me	dance_first	11.53.57 (6)
	The girl from yesterday	The Walking	dance_first	11.53.57 (8)
	The honky tonk twist	Cowgirl twist	dance_first	11.53.57 (6)
	The Ocean	Jamboree	dance_first	11.53.57 (3)
	The Rock	Honky Tonk Fix	dance_first	11.53.57 (3)
	The Tennessee Waltz	Waltz accross Texas	dance_first	11.53.57 (8)
	The Whiskey's fine	Holly's Church	dance_first	11.53.57 (3)
	The yellow blanked	Open heart Cowboy	dance_first	11.53.57 (2)
	They call me the breeze	They call me the breeze	dance_first	11.53.57 (8)
	This feels a lot like love	We only live once	dance_first	11.53.57 (8)
	This is not good bye	Homeward bound	dance_first	11.53.57 (3)
	This is not Good bye	Kill the spider	dance_first	11.53.57 (2)
	Tightrope	Tightrope	dance_first	11.53.57 (8)
	Toes	Toes	dance_first	11.53.57 (8)
	Tonight i climbed the wall	Stroll along Cha Cha	dance_first	11.53.57 (8)
	Toora Loora Lay	I'm On My Way	dance_first	11.53.571
	Trail of tears	The Trail	dance_first	11.53.57 (8)
	Travelling shoes	I must be dreaming	dance_first	11.53.57 (3)
	Tulsa time	Slapping Leather	dance_first	11.53.57 (8)
	Twist & Shout	Silverado	dance_first	11.53.57 (8)
	Twist and shout	Cowgirl twist	dance_first	11.53.57 (6)
	Twistin' the night away	Twist'em	dance_first	11.53.57 (12)
	Two Dollars in the JukeBox	Sugar & Pai	dance_first	11.53.57 (8)
	Unhealthy	Cowboy strut	dance_first	11.53.57 (6)
	Uptown funk	Uptown funky	dance_first	11.53.57 (8)
	Vaya con dios	Waltz accross Texas	dance_first	11.53.57 (8)
	Wait a minute	Hookin' up	dance_first	11.53.57 (3)
	Wait a minute	Jambalaya	dance_first	11.53.57 (3)
	Waiting tables	Cabo San Lucas	dance_first	11.53.572
	Walk in the country	Country Walking	dance_first	11.53.57 (6)
	Waltz accross Texas	Waltz accross Texas	dance_first	11.53.57 (8)
	Watcha reckon	Country Walking	dance_first	11.53.57 (6)
	Wave on Wave	Wave on Wave	dance_first	11.53.57 (12)
	We only live once	We only live once	dance_first	11.53.57 (8)
	We went	Blue light chasing	dance_first	11.53.572
	We work it out	Side by side	dance_first	11.53.57 (8)
	What i've got in mind	We've got time	dance_first	11.53.57 (8)
	When you smile	When you smile	dance_first	11.53.57 (8)
	Where i'm gonna live	Bonaparte's Retreat	dance_first	11.53.572
	Whiskey girl	Good time	dance_first	11.53.57 (9)
	Whiskey in the jar	Irish stew	dance_first	11.53.57 (3)
	Whiskey in the jar Remix	Irish stew	dance_first	11.53.57 (3)
	Whiskey Under The Bridge	Whiskey Bridges	dance_first	11.53.571
	Whiskey's gone	Whiskey's gone	dance_first	11.53.57 (8)
	White rose	White Rose	dance_first	11.53.57 (8)
	White Whisky	Blue light chasing	dance_first	11.53.572
	Who'll stop the rain	Electric Slide	dance_first	11.53.57 (9)
	Who'll stop the rain	The Walking	dance_first	11.53.57 (8)
	Who's your Daddy	Beer for my Horses	dance_first	11.53.572
	Wild Bill Jones	Fisher's Hornpipe	dance_first	11.53.57 (9)
	Wir sind CLDF	Mamma Maria	dance_first	11.53.57 (2)
	Wish i could	Wandering Hearts	dance_first	11.53.57 (8)
	Wish i did	Cowboy strut	dance_first	11.53.57 (6)
	Wreck	Wreck	dance_first	11.53.571
	Wrong Direction	Wrong Direction	dance_first	11.53.57 (12)
	You ain't Dolly	You ain't Dolly	dance_first	11.53.57 (8)
	You belong to me	My new live	dance_first	11.53.57 (2)
	You can't stay here	Story	dance_first	11.53.57 (8)
	You're my best friend	Graffiti	dance_first	11.53.57 (9)
	Your man	Stroll along Cha Cha	dance_first	11.53.57 (8)
	Your sweet love	Golden wedding Ring	dance_first	11.53.57 (9)
ABBA	Dancing Queen	Canadian Stomp	song_first	11.53.57 (4)
ABBA	Dancing Queen	Country 2-Step	song_first	11.53.57 (4)
ABBA	Waterloo	Alcohol	song_first	11.53.57 (4)
ABBA	Waterloo	Chattahoochee	song_first	11.53.57 (4)
AC/DC	Highway to hell	Black Coffee	song_first	11.53.57 (4)
AC/DC	T.N.T.	Honky Tonk Fix	song_first	11.53.57 (4)
Al Bano / Romina Power	Sempre sempre	Bread & Butter	song_first	11.53.57 (4)
Al Bano / Romina Power	Sempre sempre	Electric Slide	song_first	11.53.57 (4)
Andrea Berg	Ja, ich will	Black Coffee	song_first	11.53.57 (4)
Andrea Berg	Ja, ich will	Electric Slide	song_first	11.53.57 (4)
Andrea Berg	Mosaik	Black Coffee	song_first	11.53.57 (4)
Andrea Berg	Mosaik	Tush Push	song_first	11.53.57 (4)
Andreas Gabalier	I sing a Liad für di	All over again	song_first	11.53.57 (4)
Andreas Gabalier	I sing a Liad für di	Cucaracha	song_first	11.53.57 (4)
Andreas Gabalier	Verdammt lang her	Good time	song_first	11.53.57 (4)
Andreas Gabalier	Verdammt lang her	Honky Tonk Fix	song_first	11.53.57 (4)
Bata Illic	Michaela	16-Step	song_first	11.53.57 (4)
Bata Illic	Schwarze Madonna	If you ever leave	song_first	11.53.57 (4)
Bata Illic	Schwarze Madonna	Stroll along Cha Cha	song_first	11.53.57 (4)
Beatrice Egli	Irgendwann	Black Coffee	song_first	11.53.57 (4)
Beatrice Egli	Irgendwann	Electric Slide	song_first	11.53.57 (4)
Beatrice Egli	Mein Herz	Black Coffee	song_first	11.53.57 (4)
Beatrice Egli	Mein Herz	Electric Slide	song_first	11.53.57 (4)
Beatrice Egli	Wo sind all die Romeos	All over again	song_first	11.53.57 (4)
Beatrice Egli	Wo sind all die Romeos	Hearts & Flowers	song_first	11.53.57 (4)
Bee Gees	Staying alive	Blue light chasing	song_first	11.53.57 (4)
Bee Gees	Staying alive	Country 2-Step	song_first	11.53.57 (4)
Ben Zucker	Mein Berlin	All over again	song_first	11.53.57 (4)
Ben Zucker	Mein Berlin	First Class	song_first	11.53.57 (4)
Ben Zucker	Na und?	Beer for my Horses	song_first	11.53.57 (4)
Ben Zucker	Na und?	Country Walking	song_first	11.53.57 (4)
Bernd Clüver	Der kleine Prinz	I close my Eyes	song_first	11.53.57 (4)
Bernd Clüver	Der kleine Prinz	I've got Mexico	song_first	11.53.57 (4)
Boney M.	Daddy cool	Country Walking	song_first	11.53.57 (4)
Boney M.	Daddy cool	Strong enough	song_first	11.53.57 (4)
Boney M.	Rivers of Babylon	Ala freackin' bama	song_first	11.53.57 (5)
Boney M.	Rivers of Babylon	The Walking	song_first	11.53.57 (5)
Bryan Adams	Summer of 69	Anything for love	song_first	11.53.57 (5)
Bryan Adams	Summer of 69	White Rose	song_first	11.53.57 (5)
Christian Anders	Es fährt ein Zug	Cabo San Lucas	song_first	11.53.57 (5)
Christian Anders	Es fährt ein Zug	The Walking	song_first	11.53.57 (5)
Christian Anders	In den Augen der Andern	Heart of an Angel	song_first	11.53.57 (5)
Conny Froboess	Zwei kleine Italiener	Grandma's Featherbed	song_first	11.53.57 (5)
Costa Cordalis	Anita	Bread & Butter	song_first	11.53.57 (5)
Costa Cordalis	Anita	Jambalaya	song_first	11.53.57 (5)
Daniel Boone	Beautiful Sunday	Black Coffee	song_first	11.53.57 (5)
Daniel Boone	Beautiful Sunday	Electric Slide	song_first	11.53.57 (5)
Die Draufgänger	Cordula Grün	Black Coffee	song_first	11.53.57 (5)
DJ Ötzi	Ein Stern	Black Coffee	song_first	11.53.57 (5)
DJ Ötzi	Ein Stern	God blessed Texas	song_first	11.53.57 (5)
DJ Ötzi / Bellamys	Hey Baby	Go Seven	song_first	11.53.57 (5)
DJ Ötzi / Bellamys	Hey Baby	Sugar & Pai	song_first	11.53.57 (5)
DJ Ötzi / Bellamys	Sweet Caroline	Bread & Butter	song_first	11.53.57 (5)
Drafi Deutscher	Marmor Stein und Eisen	Black Coffee	song_first	11.53.57 (5)
Dschingis Khan	Dschingis Khan	Tush Push	song_first	11.53.57 (5)
Falco	Der Kommissar	Black Coffee	song_first	11.53.57 (5)
Fantasy	Bonnie & Clyde	Electric Slide	song_first	11.53.57 (5)
Fantasy	Bonnie & Clyde	We've got time	song_first	11.53.57 (5)
Feuerherz	Wenn Du nicht stop sagst	All over again	song_first	11.53.57 (5)
Feuerherz	Wenn Du nicht stop sagst	Tush Push	song_first	11.53.57 (5)
Gaby Baginsky	Liebe kommen am Abend	All over again	song_first	11.53.57 (5)
Gaby Baginsky	Liebe kommen am Abend	Cucaracha	song_first	11.53.57 (5)
Geier Sturzflug	Bruttosozialprodukt	Down on your uppers	song_first	11.53.57 (5)
Geier Sturzflug	Bruttosozialprodukt	Mama Loo	song_first	11.53.57 (5)
George Baker Selection	Paloma Blanca	Electric Slide	song_first	11.53.57 (5)
George Baker Selection	Paloma Blanca	We've got time	song_first	11.53.57 (5)
Giovanni Zarella	Arcobaleno	Regenbogenfarben	song_first	11.53.57 (5)
Gunter Gabriel	Komm unter meine Decke	Bread & Butter	song_first	11.53.57 (5)
Gunter Gabriel	Komm unter meine Decke	First Class	song_first	11.53.57 (5)
Heino	Die schwarze Barbara	Electric Slide	song_first	11.53.57 (5)
Heino	Die schwarze Barbara	We've got time	song_first	11.53.57 (5)
Helene Fischer	Atemlos	Black Coffee	song_first	11.53.57 (5)
Helene Fischer	Die Hölle morgen früh	Black Coffee	song_first	11.53.57 (5)
Helene Fischer	Die Hölle morgen früh	Electric Slide	song_first	11.53.57 (5)
Henri Valentino	Im Wagen vor mir	Canadian Stomp	song_first	11.53.57 (10)
Henri Valentino	Im Wagen vor mir	Country 2-Step	song_first	11.53.57 (10)
Howard Carpendale	Deine Spuren im Sand	Por ti sere	song_first	11.53.57 (10)
Howard Carpendale	Deine Spuren im Sand	Stroll along Cha Cha	song_first	11.53.57 (10)
Howard Carpendale	Fremde oder Freunde	Stroll along Cha Cha	song_first	11.53.57 (10)
Howard Carpendale	Fremde oder Freunde	The Walking	song_first	11.53.57 (10)
Howard Carpendale	Hello again	The Walking	song_first	11.53.57 (10)
Howard Carpendale	Ti amo	Heart of an Angel	song_first	11.53.57 (10)
Ibo	Ibiza	Black Coffee	song_first	11.53.57 (10)
Ibo	Ibiza	Electric Slide	song_first	11.53.57 (10)
Ireen Sheer	Tennessee Waltz	Black Coffee	song_first	11.53.57 (10)
Ireen Sheer	Tennessee Waltz	Cabo San Lucas	song_first	11.53.57 (10)
Jürgen Drews	Barfuss durch den Sommer	Electric Slide	song_first	11.53.57 (10)
Jürgen Drews	Barfuss durch den Sommer	God blessed Texas	song_first	11.53.57 (10)
Jürgen Drews	Ein Bett im Kornfeld	Black Coffee	song_first	11.53.57 (10)
Jürgen Drews	Ich bau Dir ein Schloss	Black Coffee	song_first	11.53.57 (10)
Jürgen Drews	Ich bau Dir ein Schloss	Regenbogenfarben	song_first	11.53.57 (10)
Jürgen Marcus	Ein Festival der Liebe	Come dance with me	song_first	11.53.57 (10)
Jürgen Marcus	Ein Festival der Liebe	Electric Slide	song_first	11.53.57 (10)
Karel Gott	Babicka	Bread & Butter	song_first	11.53.57 (10)
Karel Gott	Babicka	Kill the spider	song_first	11.53.57 (10)
Karneval	Eisbärn	Electric Slide	song_first	11.53.57 (10)
Kerstin Ott	Herzbewohner	We only live once	song_first	11.53.57 (10)
Kerstin Ott	Herzbewohner	We've got time	song_first	11.53.57 (10)
Kerstin Ott	Lebe laut	Good time	song_first	11.53.57 (10)
Kerstin Ott	Lebe laut	Hearts & Flowers	song_first	11.53.57 (10)
Kerstin Ott	Schau mal	Beer for my Horses	song_first	11.53.57 (10)
Kerstin Ott	Schau mal	Drinking Bone	song_first	11.53.57 (10)
Kerstin Ott	Wegen Dir	Come dance with me	song_first	11.53.57 (10)
Kerstin Ott	Wegen Dir	Electric Slide	song_first	11.53.57 (10)
KISS	I was made for lovin' you	Tush Push	song_first	11.53.57 (11)
Lasse Berghagen	Es war einmal eine Gitarre	Come dance with me	song_first	11.53.57 (11)
Lasse Berghagen	Es war einmal eine Gitarre	Electric Slide	song_first	11.53.57 (11)
Lolita	Der weisse Mond von Maratonga	Waltz accross Texas	song_first	11.53.57 (11)
Lolita	Seemann, Deine Heimat	Bread & Butter	song_first	11.53.57 (11)
Lolita	Seemann, Deine Heimat	The Walking	song_first	11.53.57 (11)
Maite Kelly	Dass es uns noch gibt	Electric Slide	song_first	11.53.57 (11)
Maite Kelly	Dass es uns noch gibt	Tush Push	song_first	11.53.57 (11)
Maite Kelly	Es war noch nie so schön	Electric Slide	song_first	11.53.57 (11)
Maite Kelly	Es war noch nie so schön	God blessed Texas	song_first	11.53.57 (11)
Maite Kelly	Heute Nacht für immer	Black Coffee	song_first	11.53.57 (11)
Maite Kelly	Heute Nacht für immer	Electric Slide	song_first	11.53.57 (11)
Maite Kelly	Jetzt oder nie	Black Coffee	song_first	11.53.57 (11)
Maite Kelly	Jetzt oder nie	Regenbogenfarben	song_first	11.53.57 (11)
Marianne Rosenberg	Er gehört zu mir	Black Coffee	song_first	11.53.57 (11)
Marianne Rosenberg	Er gehört zu mir	Electric Slide	song_first	11.53.57 (11)
Marianne Rosenberg	Ich bin wie Du	Electric Slide	song_first	11.53.57 (11)
Marianne Rosenberg	Ich bin wie Du	We've got time	song_first	11.53.57 (11)
Matthias Reim	Tattoo	Black Coffee	song_first	11.53.57 (11)
Matthias Reim	Tattoo	God blessed Texas	song_first	11.53.57 (11)
Michael Holm	Mendocino	Anything for love	song_first	11.53.57 (11)
Michael Holm	Mendocino	Homeward Bound	song_first	11.53.57 (11)
Michael Holm	Nur ein Kuss, Maddalena	Down on your uppers	song_first	11.53.57 (11)
Michael Holm	Nur ein Kuss, Maddalena	Honky Tonk	song_first	11.53.57 (11)
Mr. President	Coco Jambo	Corazon Diamante	song_first	11.53.57 (11)
Nena	99 Luftballons	Canadian Stomp	song_first	11.53.57 (11)
Nena	Leuchtturm	Canadian Stomp	song_first	11.53.57 (11)
Nickerbocker & Biene	Z'ruck zu Dir	Black Coffee	song_first	11.53.57 (11)
Nickerbocker & Biene	Z'ruck zu Dir	White Rose	song_first	11.53.57 (11)
Pietro Lombardi	Senza te	Corazon Diamante	song_first	11.53.57 (11)
Plastic Bertrand	Ca Plane Pour Moi	My new live	song_first	11.53.57 (11)
Relax	A weisses Blattl Papier	Stroll along Cha Cha	song_first	11.53.57 (11)
Rex Gildo	Fiesta Mexicana	All over again	song_first	11.53.57 (11)
Rex Gildo	Fiesta Mexicana	Go seven	song_first	11.53.57 (11)
Rodgau Monotones	Die Hesse komme	Uptown funky	song_first	11.53.57 (11)
Roland Kaiser	Joana	Beer for my Horses	song_first	11.53.57 (11)
Roland Kaiser	Joana	Strong enough	song_first	11.53.57 (11)
Roland Kaiser	Kurios	Ala freackin' bama	song_first	11.53.57 (11)
Roland Kaiser	Kurios	Beer for my Horses	song_first	11.53.57 (11)
Roxette	The Look	Canadian Stomp	song_first	11.53.57 (11)
S.T.S.	Fürstenfeld	Country 2-Step	song_first	11.53.57 (13)
Santiano	Könnt Ihr mich hören	Ala freackin' bama	song_first	11.53.57 (11)
Santiano	Könnt Ihr mich hören	Country Walking	song_first	11.53.57 (11)
Semino Rossi	Das verflixte 7. Jahr	Bread & Butter	song_first	11.53.57 (13)
Semino Rossi	Das verflixte 7. Jahr	Go seven	song_first	11.53.57 (13)
Semino Rossi	Hola hola	All over again	song_first	11.53.57 (13)
Semino Rossi	Hola hola	Electric Slide	song_first	11.53.57 (13)
Semino Rossi	Rot sind die Rosen	Heart of an Angel	song_first	11.53.57 (11)
Showaddywaddy	Under the Moon of love	Anything for love	song_first	11.53.57 (13)
Showaddywaddy	Under the Moon of love	Homeward Bound	song_first	11.53.57 (13)
Smokie	Living next Door to Alice	Come dance with me	song_first	11.53.57 (13)
Smokie	Living next Door to Alice	The Walking	song_first	11.53.57 (13)
Spider Murphy Gang	Schickeria	Mama Loo	song_first	11.53.57 (13)
Spider Murphy Gang	Skandal im Sperrbezirk	Alcohol	song_first	11.53.57 (13)
Status Quo	Rockin' all over the world	Honky Tonk	song_first	11.53.57 (13)
Status Quo	Rockin' all over the world	Slapping Leather	song_first	11.53.57 (13)
Sweet	Co-Co	Black Coffee	song_first	11.53.57 (13)
Udo Jürgens	Aber bitte mit Sahne	All over again	song_first	11.53.57 (13)
Udo Jürgens	Aber bitte mit Sahne	First Class	song_first	11.53.57 (13)
Udo Jürgens	Ein ehrenwertes Haus	Beer for my Horses	song_first	11.53.57 (13)
Udo Jürgens	Ein ehrenwertes Haus	Black Coffee	song_first	11.53.57 (13)
Udo Jürgens	Griechischer Wein	Anything for love	song_first	11.53.57 (13)
Udo Jürgens	Griechischer Wein	Joana	song_first	11.53.57 (13)
Udo Jürgens	Mit 66 Jahren	Black Coffee	song_first	11.53.57 (13)
Udo Jürgens	Mit 66 Jahren	Electric Slide	song_first	11.53.57 (13)
Vanessa Mai	Ich sterb für Dich	Bread & Butter	song_first	11.53.57 (13)
Vanessa Mai	Ich sterb für Dich	Tush Push	song_first	11.53.57 (13)
Vengaboys	Shalala Lala	Black Coffee	song_first	11.53.57 (13)
Vengaboys	Shalala Lala	Electric Slide	song_first	11.53.57 (13)
Village People	Y.M.C.A.	Black Coffee	song_first	11.53.57 (13)
Village People	Y.M.C.A.	Good time	song_first	11.53.57 (13)
Voxxclub	Donnerwedda	Not fair	song_first	11.53.57 (13)
Voxxclub	Donnerwedda	Patsy Fagan	song_first	11.53.57 (13)
Voxxclub	Rock mi	Canadian Stomp	song_first	11.53.57 (13)
Wanda Jackson	Santo Domingo	Por ti sere	song_first	11.53.57 (13)
Wanda Jackson	Santo Domingo	Stroll along Cha Cha	song_first	11.53.57 (13)
Wolfgang Petry	Augen zu und durch	Chattahoochee	song_first	11.53.57 (13)
Wolfgang Petry	Augen zu und durch	Tush Push	song_first	11.53.57 (13)
Wolfgang Petry	Wahnsinn	Black Coffee	song_first	11.53.57 (13)
Wolfgang Petry	Wahnsinn	Bread & Butter	song_first	11.53.57 (13)
Wolfgang Petry	Weiss der Geier	Chattahoochee	song_first	11.53.57 (13)
Wolfgang Petry	Weiss der Geier	Honky Tonk	song_first	11.53.57 (13)
